-- MySQL dump 10.13  Distrib 8.0.21, for Linux (x86_64)
--
-- Host: localhost    Database: CS_DB
-- ------------------------------------------------------
-- Server version	8.0.21-0ubuntu0.20.04.4

/*!40101 SET @OLD_CHARACTER_SET_CLIENT=@@CHARACTER_SET_CLIENT */;
/*!40101 SET @OLD_CHARACTER_SET_RESULTS=@@CHARACTER_SET_RESULTS */;
/*!40101 SET @OLD_COLLATION_CONNECTION=@@COLLATION_CONNECTION */;
/*!50503 SET NAMES utf8mb4 */;
/*!40103 SET @OLD_TIME_ZONE=@@TIME_ZONE */;
/*!40103 SET TIME_ZONE='+00:00' */;
/*!40014 SET @OLD_UNIQUE_CHECKS=@@UNIQUE_CHECKS, UNIQUE_CHECKS=0 */;
/*!40014 SET @OLD_FOREIGN_KEY_CHECKS=@@FOREIGN_KEY_CHECKS, FOREIGN_KEY_CHECKS=0 */;
/*!40101 SET @OLD_SQL_MODE=@@SQL_MODE, SQL_MODE='NO_AUTO_VALUE_ON_ZERO' */;
/*!40111 SET @OLD_SQL_NOTES=@@SQL_NOTES, SQL_NOTES=0 */;

--
-- Current Database: `CS_DB`
--

CREATE DATABASE /*!32312 IF NOT EXISTS*/ `CS_DB` /*!40100 DEFAULT CHARACTER SET utf8mb4 COLLATE utf8mb4_0900_ai_ci */ /*!80016 DEFAULT ENCRYPTION='N' */;

USE `CS_DB`;

--
-- Table structure for table `auth_group`
--

DROP TABLE IF EXISTS `auth_group`;
/*!40101 SET @saved_cs_client     = @@character_set_client */;
/*!50503 SET character_set_client = utf8mb4 */;
CREATE TABLE `auth_group` (
  `id` int NOT NULL AUTO_INCREMENT,
  `name` varchar(150) NOT NULL,
  PRIMARY KEY (`id`),
  UNIQUE KEY `name` (`name`)
) ENGINE=InnoDB AUTO_INCREMENT=4 DEFAULT CHARSET=utf8mb4 COLLATE=utf8mb4_0900_ai_ci;
/*!40101 SET character_set_client = @saved_cs_client */;

--
-- Dumping data for table `auth_group`
--

LOCK TABLES `auth_group` WRITE;
/*!40000 ALTER TABLE `auth_group` DISABLE KEYS */;
INSERT INTO `auth_group` VALUES (1,'chama_admin'),(2,'chama_member'),(3,'CS_employee');
/*!40000 ALTER TABLE `auth_group` ENABLE KEYS */;
UNLOCK TABLES;

--
-- Table structure for table `auth_group_permissions`
--

DROP TABLE IF EXISTS `auth_group_permissions`;
/*!40101 SET @saved_cs_client     = @@character_set_client */;
/*!50503 SET character_set_client = utf8mb4 */;
CREATE TABLE `auth_group_permissions` (
  `id` int NOT NULL AUTO_INCREMENT,
  `group_id` int NOT NULL,
  `permission_id` int NOT NULL,
  PRIMARY KEY (`id`),
  UNIQUE KEY `auth_group_permissions_group_id_permission_id_0cd325b0_uniq` (`group_id`,`permission_id`),
  KEY `auth_group_permissio_permission_id_84c5c92e_fk_auth_perm` (`permission_id`),
  CONSTRAINT `auth_group_permissio_permission_id_84c5c92e_fk_auth_perm` FOREIGN KEY (`permission_id`) REFERENCES `auth_permission` (`id`),
  CONSTRAINT `auth_group_permissions_group_id_b120cbf9_fk_auth_group_id` FOREIGN KEY (`group_id`) REFERENCES `auth_group` (`id`)
) ENGINE=InnoDB DEFAULT CHARSET=utf8mb4 COLLATE=utf8mb4_0900_ai_ci;
/*!40101 SET character_set_client = @saved_cs_client */;

--
-- Dumping data for table `auth_group_permissions`
--

LOCK TABLES `auth_group_permissions` WRITE;
/*!40000 ALTER TABLE `auth_group_permissions` DISABLE KEYS */;
/*!40000 ALTER TABLE `auth_group_permissions` ENABLE KEYS */;
UNLOCK TABLES;

--
-- Table structure for table `auth_permission`
--

DROP TABLE IF EXISTS `auth_permission`;
/*!40101 SET @saved_cs_client     = @@character_set_client */;
/*!50503 SET character_set_client = utf8mb4 */;
CREATE TABLE `auth_permission` (
  `id` int NOT NULL AUTO_INCREMENT,
  `name` varchar(255) NOT NULL,
  `content_type_id` int NOT NULL,
  `codename` varchar(100) NOT NULL,
  PRIMARY KEY (`id`),
  UNIQUE KEY `auth_permission_content_type_id_codename_01ab375a_uniq` (`content_type_id`,`codename`),
  CONSTRAINT `auth_permission_content_type_id_2f476e4b_fk_django_co` FOREIGN KEY (`content_type_id`) REFERENCES `django_content_type` (`id`)
) ENGINE=InnoDB AUTO_INCREMENT=65 DEFAULT CHARSET=utf8mb4 COLLATE=utf8mb4_0900_ai_ci;
/*!40101 SET character_set_client = @saved_cs_client */;

--
-- Dumping data for table `auth_permission`
--

LOCK TABLES `auth_permission` WRITE;
/*!40000 ALTER TABLE `auth_permission` DISABLE KEYS */;
INSERT INTO `auth_permission` VALUES (1,'Can add log entry',1,'add_logentry'),(2,'Can change log entry',1,'change_logentry'),(3,'Can delete log entry',1,'delete_logentry'),(4,'Can view log entry',1,'view_logentry'),(5,'Can add permission',2,'add_permission'),(6,'Can change permission',2,'change_permission'),(7,'Can delete permission',2,'delete_permission'),(8,'Can view permission',2,'view_permission'),(9,'Can add group',3,'add_group'),(10,'Can change group',3,'change_group'),(11,'Can delete group',3,'delete_group'),(12,'Can view group',3,'view_group'),(13,'Can add user',4,'add_user'),(14,'Can change user',4,'change_user'),(15,'Can delete user',4,'delete_user'),(16,'Can view user',4,'view_user'),(17,'Can add content type',5,'add_contenttype'),(18,'Can change content type',5,'change_contenttype'),(19,'Can delete content type',5,'delete_contenttype'),(20,'Can view content type',5,'view_contenttype'),(21,'Can add session',6,'add_session'),(22,'Can change session',6,'change_session'),(23,'Can delete session',6,'delete_session'),(24,'Can view session',6,'view_session'),(25,'Can add chama members',7,'add_chamamembers'),(26,'Can change chama members',7,'change_chamamembers'),(27,'Can delete chama members',7,'delete_chamamembers'),(28,'Can view chama members',7,'view_chamamembers'),(29,'Can add chamas',8,'add_chamas'),(30,'Can change chamas',8,'change_chamas'),(31,'Can delete chamas',8,'delete_chamas'),(32,'Can view chamas',8,'view_chamas'),(33,'Can add field id',9,'add_fieldid'),(34,'Can change field id',9,'change_fieldid'),(35,'Can delete field id',9,'delete_fieldid'),(36,'Can view field id',9,'view_fieldid'),(37,'Can add loan status',10,'add_loanstatus'),(38,'Can change loan status',10,'change_loanstatus'),(39,'Can delete loan status',10,'delete_loanstatus'),(40,'Can view loan status',10,'view_loanstatus'),(41,'Can add subscription types',11,'add_subscriptiontypes'),(42,'Can change subscription types',11,'change_subscriptiontypes'),(43,'Can delete subscription types',11,'delete_subscriptiontypes'),(44,'Can view subscription types',11,'view_subscriptiontypes'),(45,'Can add transaction types',12,'add_transactiontypes'),(46,'Can change transaction types',12,'change_transactiontypes'),(47,'Can delete transaction types',12,'delete_transactiontypes'),(48,'Can view transaction types',12,'view_transactiontypes'),(49,'Can add loan settings',13,'add_loansettings'),(50,'Can change loan settings',13,'change_loansettings'),(51,'Can delete loan settings',13,'delete_loansettings'),(52,'Can view loan settings',13,'view_loansettings'),(53,'Can add transactions',14,'add_transactions'),(54,'Can change transactions',14,'change_transactions'),(55,'Can delete transactions',14,'delete_transactions'),(56,'Can view transactions',14,'view_transactions'),(57,'Can add subscriptions',15,'add_subscriptions'),(58,'Can change subscriptions',15,'change_subscriptions'),(59,'Can delete subscriptions',15,'delete_subscriptions'),(60,'Can view subscriptions',15,'view_subscriptions'),(61,'Can add loans',16,'add_loans'),(62,'Can change loans',16,'change_loans'),(63,'Can delete loans',16,'delete_loans'),(64,'Can view loans',16,'view_loans');
/*!40000 ALTER TABLE `auth_permission` ENABLE KEYS */;
UNLOCK TABLES;

--
-- Table structure for table `auth_user`
--

DROP TABLE IF EXISTS `auth_user`;
/*!40101 SET @saved_cs_client     = @@character_set_client */;
/*!50503 SET character_set_client = utf8mb4 */;
CREATE TABLE `auth_user` (
  `id` int NOT NULL AUTO_INCREMENT,
  `password` varchar(128) NOT NULL,
  `last_login` datetime(6) DEFAULT NULL,
  `is_superuser` tinyint(1) NOT NULL,
  `username` varchar(150) NOT NULL,
  `first_name` varchar(30) NOT NULL,
  `last_name` varchar(150) NOT NULL,
  `email` varchar(254) NOT NULL,
  `is_staff` tinyint(1) NOT NULL,
  `is_active` tinyint(1) NOT NULL,
  `date_joined` datetime(6) NOT NULL,
  PRIMARY KEY (`id`),
  UNIQUE KEY `username` (`username`)
) ENGINE=InnoDB AUTO_INCREMENT=81 DEFAULT CHARSET=utf8mb4 COLLATE=utf8mb4_0900_ai_ci;
/*!40101 SET character_set_client = @saved_cs_client */;

--
-- Dumping data for table `auth_user`
--

LOCK TABLES `auth_user` WRITE;
/*!40000 ALTER TABLE `auth_user` DISABLE KEYS */;
INSERT INTO `auth_user` VALUES (1,'pbkdf2_sha256$180000$N4pJ1gMSsYNO$tSVUiygiChGF/75GuXctLGC9KIoMQlJCtiIxSrmH9lI=','2020-09-09 05:31:30.094174',1,'technicollins','','','',1,1,'2020-08-10 01:00:24.158267'),(46,'pbkdf2_sha256$180000$in73iO1Mpsbs$XGYudkjHb10TlN9Oj6fqqyRSN4dTCSQDWlw/JDF8FiI=','2020-08-16 16:43:04.219822',0,'0724571042','Dorothy','Achieng','',0,1,'2020-08-16 16:18:30.209011'),(49,'pbkdf2_sha256$180000$3ErQDFO9EM4y$777SPBJKfqMCBLv9NRwiyO+qdWg9O2yACOADi6ElTxE=','2020-09-09 05:29:56.556200',0,'0726916113','Lilian','Akinyi','',0,1,'2020-08-22 10:53:46.633005'),(50,'pbkdf2_sha256$180000$2CrLMPacim3h$8va624VxJDEOoQ+oSTWqnOI+bge9h2IziJnZCyC/nH4=','2020-08-23 00:15:49.716383',0,'0720434235','Beatrice','Okoth','',0,1,'2020-08-22 17:12:33.709659'),(51,'pbkdf2_sha256$180000$UBxQZTeHnkOi$FUf6GoKFl0DxT21LmnzVZSik0kk/prtXl3+nItJRkMo=','2020-08-27 12:14:07.525058',0,'0723100554','Esther','Achieng','',0,1,'2020-08-22 17:14:55.153846'),(52,'pbkdf2_sha256$180000$LmwBKgaIxXHM$WCOrv0QkSyW+potlWurYEa6K2ZnypjDKLPxHZBtRfpU=',NULL,0,'0708664368','Jackline','Asachi','',0,1,'2020-08-22 17:15:50.699478'),(53,'pbkdf2_sha256$180000$Ajnq95cVAAEs$cWxRxyMDq9dDqAQFed5ramqHRrF9Vd9ntdR59WpvX30=',NULL,0,'0705541145','Brenda','Atieno','',0,1,'2020-08-22 17:19:16.000000'),(54,'pbkdf2_sha256$180000$KMCIwFlhEcDV$KNrDAA7MCCiQ8UfYcGjVEZjv8GyMSf1uY4YCO4q6GMM=','2020-08-26 19:43:23.371185',0,'0758288745','Cynthia','Audrey','',0,1,'2020-08-22 17:20:37.159472'),(55,'pbkdf2_sha256$180000$na7x3gJC999x$BOxRaX0ksAIKT+uhI5b8fFTk3uhA2lpysTJwmSFOcc8=','2020-08-26 19:46:54.171981',0,'0721451500','Donnah','Achieng','',0,1,'2020-08-22 17:21:36.243053'),(56,'pbkdf2_sha256$180000$kBTdkpdhoJ88$QqqPZBztK/1U6cj409KZZYxnGAesDK7FNumpnUmRrzc=','2020-09-09 05:30:27.496672',0,'0728178061','Eunice','Omollo','',0,1,'2020-08-22 17:23:23.714265'),(57,'pbkdf2_sha256$180000$d7SuLGT3yQsN$Us/y2eUDVkWlkzDCkmTf/noz5s+oaI/CVlahfFWzm8Y=','2020-08-29 12:17:29.050749',0,'0725911755','Everlyn','Achieng','',0,1,'2020-08-22 17:25:59.598520'),(58,'pbkdf2_sha256$180000$oSEGwEieAlBt$R57xO7B2lhDl65Lg2IafgaAbThPrtLM+t4uK4hnGvRo=','2020-08-29 12:24:11.976477',0,'0726833013','Jackline','Ogada','',0,1,'2020-08-22 17:26:43.439155'),(59,'pbkdf2_sha256$180000$CWLAgY0nfCpR$eX+AsPqVAAnpvSPGOeAczJAYRqyKFYcYdCQhH3A9L0A=',NULL,0,'0723730205','Linnet','Odero','',0,1,'2020-08-22 17:28:04.795721'),(60,'pbkdf2_sha256$180000$CH6zp9c6dou7$nnRF1SEVBpRFv9G0u0NKQfF8Qqn3jJH7yxY5suZXtIk=','2020-08-27 06:15:50.504973',0,'0724488514','Margaret','Wanjiku','',0,1,'2020-08-22 17:30:20.643304'),(61,'pbkdf2_sha256$180000$oa1HnVKbiyz9$rown6Ma1WaNnUINaoJZwS/HGEwvjla0tcslB88q0qqI=','2020-08-26 20:30:37.475935',0,'0721704752','Maurine','Onyango','',0,1,'2020-08-22 17:31:40.239313'),(62,'pbkdf2_sha256$180000$cmG9m5ddldhX$er0BQSJxfp9G+4GT6ypSjjmhs8ziuVauxMO56r5ZjPA=',NULL,0,'0705218329','Mary','Sharlvine','',0,1,'2020-08-22 17:33:48.051333'),(63,'pbkdf2_sha256$180000$dNFeCmM5VyVq$Qg6vE5nqVgWbnQPCij5hbc++JUL4nkxGofAEO7DdEPE=',NULL,0,'0706886330','Jackline','Omuchemba','',0,1,'2020-08-22 17:36:49.275882'),(64,'pbkdf2_sha256$180000$M7TKtT8ICwnR$e+1gmBF12UAmG1tYDAMojKnU9hXmdv61/qhU6cUziyc=','2020-08-26 20:45:10.123826',0,'0700068438','Rose','Owino','',0,1,'2020-08-22 17:37:35.339454'),(65,'pbkdf2_sha256$180000$muuCkl3KJDRJ$zhv8Mg7gu60/yfc2Y1Dum39rCRbqWGvHkSJ2XtUVaXU=','2020-08-29 11:51:42.053171',0,'0712749791','Sulmena','Akinyi','',0,1,'2020-08-22 17:38:38.083481'),(66,'pbkdf2_sha256$180000$0uUVqULs6My7$VQl9AUGkispIt4/UjFHDFVn2NaK8a7JhyHBlTI2/W6Y=',NULL,0,'0722506745','Mary','Anyango','',0,1,'2020-08-22 17:52:26.918440'),(67,'pbkdf2_sha256$180000$wRqnQT67a0Hj$FcTDQJUTKqUUjXa4axdqfmlzSG3/dXYIhkQ3xR5XdMg=',NULL,0,'0723390651','Mary','Nyabanda','',0,1,'2020-08-22 17:56:24.069941'),(68,'pbkdf2_sha256$180000$pqoz1D076aeP$0LMFY+rmznLQGiQbWrqhlhzBDiF1WorwZW4tSN6FgLA=','2020-08-26 19:51:40.789444',0,'0726903055','Joyce','Atieno','',0,1,'2020-08-22 17:57:04.927807'),(69,'pbkdf2_sha256$180000$ooXqQfZ0OpIz$/cFgLvtoEYna0Qsq24H9P+GwhvPZPTA1ZMlTQ/2QHFc=',NULL,0,'0725547784','Beatrice','Onyango','',0,1,'2020-08-22 18:00:34.122243'),(70,'pbkdf2_sha256$180000$AGVeEJibfysh$sjed1b+2f1yWcc/pWoFjzjAu3T+ZFFyQsDgHy34bpZc=',NULL,0,'0741278979','Ann','Adhiambo','',0,1,'2020-08-22 18:07:23.535941'),(71,'pbkdf2_sha256$180000$QvrSuBRUs9Ho$vc7lozeJZGEB4h4TmuumKpem8GDU+888gAJl6GgAxWM=',NULL,0,'0713457053','Risper','Atieno','',0,1,'2020-08-22 18:11:26.002704'),(72,'pbkdf2_sha256$180000$zbLF73EVjJ0M$rMEst3eMM0rEGyJqpjV1QE9nV2mW3+hviD82RZ1mZKc=',NULL,0,'0714255239','Jane','Atieno','',0,1,'2020-08-22 18:12:30.390992'),(73,'pbkdf2_sha256$180000$tEEeoGuAgCNX$DGWkZTdn7WHpgkdYk5lXnNXx7MzmdOV08YIxz/CSHO4=',NULL,0,'0726896952','Emelda','Atieno','',0,1,'2020-08-22 18:19:43.840981'),(74,'pbkdf2_sha256$180000$whMFcFQBOD4e$cpRjFphxtJUuZgAxqnXNrhWqwWmi/XPx+9t8/tPNSnw=',NULL,0,'0729876041','Ruth','Namwano','',0,1,'2020-08-22 18:20:10.364347'),(75,'pbkdf2_sha256$180000$zzWgdFyLTYg0$G0/S0R+Z5CPSal7gynHI4ZYJRUbl8p+9Ovu5O/kYcLg=',NULL,0,'0721793970','Dorothy','Ndola','',0,1,'2020-08-22 18:20:42.649231'),(76,'pbkdf2_sha256$180000$mliTbAWJ05nr$lHWRcD98Vd9RuazRy2Ex6eStjdEYk1VqsQXWqAYzEvM=','2020-09-01 03:26:44.467374',0,'0798765432','Faith','Karanja','',0,1,'2020-09-01 03:26:24.086220'),(77,'pbkdf2_sha256$180000$dlFYrha7gVpc$eA6iOpmjK0Vs/11qck02sU9OXbMY5F7N3MVfGZk/s3M=',NULL,0,'0712345678','Patrick','Mugo','',0,1,'2020-09-01 03:27:35.618170'),(78,'pbkdf2_sha256$180000$PI4eBEtYJZua$pwI7DdMmaTmBLJaHizHI6UISX+tu/4DOjN64lAhjf9E=',NULL,0,'0789045678','','','',0,1,'2020-09-03 08:22:31.729387'),(79,'pbkdf2_sha256$180000$FWUzmQy0DGPH$kp+zJQQleCC5MctOrqaTKfaHaqyhMvtbnh1cCFIuIGI=','2020-09-07 10:21:21.576101',0,'0746728099','','','',0,1,'2020-09-07 10:21:08.969928'),(80,'pbkdf2_sha256$180000$UlXIYfaedghE$IZQMS+4pAW3DD+CU4ZlZexCNMx7JHHTttsREK9qZf/Y=','2020-09-09 05:26:53.954432',0,'0715126978','Mututho','Kalonzo','',0,1,'2020-09-09 05:26:41.757611');
/*!40000 ALTER TABLE `auth_user` ENABLE KEYS */;
UNLOCK TABLES;

--
-- Table structure for table `auth_user_groups`
--

DROP TABLE IF EXISTS `auth_user_groups`;
/*!40101 SET @saved_cs_client     = @@character_set_client */;
/*!50503 SET character_set_client = utf8mb4 */;
CREATE TABLE `auth_user_groups` (
  `id` int NOT NULL AUTO_INCREMENT,
  `user_id` int NOT NULL,
  `group_id` int NOT NULL,
  PRIMARY KEY (`id`),
  UNIQUE KEY `auth_user_groups_user_id_group_id_94350c0c_uniq` (`user_id`,`group_id`),
  KEY `auth_user_groups_group_id_97559544_fk_auth_group_id` (`group_id`),
  CONSTRAINT `auth_user_groups_group_id_97559544_fk_auth_group_id` FOREIGN KEY (`group_id`) REFERENCES `auth_group` (`id`),
  CONSTRAINT `auth_user_groups_user_id_6a12ed8b_fk_auth_user_id` FOREIGN KEY (`user_id`) REFERENCES `auth_user` (`id`)
) ENGINE=InnoDB AUTO_INCREMENT=74 DEFAULT CHARSET=utf8mb4 COLLATE=utf8mb4_0900_ai_ci;
/*!40101 SET character_set_client = @saved_cs_client */;

--
-- Dumping data for table `auth_user_groups`
--

LOCK TABLES `auth_user_groups` WRITE;
/*!40000 ALTER TABLE `auth_user_groups` DISABLE KEYS */;
INSERT INTO `auth_user_groups` VALUES (39,46,1),(42,49,1),(43,50,2),(44,51,2),(45,52,2),(46,53,2),(47,54,2),(48,55,2),(49,56,2),(50,57,2),(51,58,2),(52,59,2),(53,60,2),(54,61,2),(55,62,2),(56,63,2),(57,64,2),(58,65,2),(59,66,2),(60,67,2),(61,68,2),(62,69,2),(63,70,2),(64,71,2),(65,72,2),(66,73,2),(67,74,2),(68,75,2),(69,76,1),(70,77,2),(71,78,1),(72,79,1),(73,80,1);
/*!40000 ALTER TABLE `auth_user_groups` ENABLE KEYS */;
UNLOCK TABLES;

--
-- Table structure for table `auth_user_user_permissions`
--

DROP TABLE IF EXISTS `auth_user_user_permissions`;
/*!40101 SET @saved_cs_client     = @@character_set_client */;
/*!50503 SET character_set_client = utf8mb4 */;
CREATE TABLE `auth_user_user_permissions` (
  `id` int NOT NULL AUTO_INCREMENT,
  `user_id` int NOT NULL,
  `permission_id` int NOT NULL,
  PRIMARY KEY (`id`),
  UNIQUE KEY `auth_user_user_permissions_user_id_permission_id_14a6b632_uniq` (`user_id`,`permission_id`),
  KEY `auth_user_user_permi_permission_id_1fbb5f2c_fk_auth_perm` (`permission_id`),
  CONSTRAINT `auth_user_user_permi_permission_id_1fbb5f2c_fk_auth_perm` FOREIGN KEY (`permission_id`) REFERENCES `auth_permission` (`id`),
  CONSTRAINT `auth_user_user_permissions_user_id_a95ead1b_fk_auth_user_id` FOREIGN KEY (`user_id`) REFERENCES `auth_user` (`id`)
) ENGINE=InnoDB DEFAULT CHARSET=utf8mb4 COLLATE=utf8mb4_0900_ai_ci;
/*!40101 SET character_set_client = @saved_cs_client */;

--
-- Dumping data for table `auth_user_user_permissions`
--

LOCK TABLES `auth_user_user_permissions` WRITE;
/*!40000 ALTER TABLE `auth_user_user_permissions` DISABLE KEYS */;
/*!40000 ALTER TABLE `auth_user_user_permissions` ENABLE KEYS */;
UNLOCK TABLES;

--
-- Table structure for table `dashboard_chamamembers`
--

DROP TABLE IF EXISTS `dashboard_chamamembers`;
/*!40101 SET @saved_cs_client     = @@character_set_client */;
/*!50503 SET character_set_client = utf8mb4 */;
CREATE TABLE `dashboard_chamamembers` (
  `memberID` varchar(15) NOT NULL,
  `chamaID_id` varchar(15) NOT NULL,
  `user_id` int NOT NULL,
  PRIMARY KEY (`memberID`),
  UNIQUE KEY `user_id` (`user_id`),
  KEY `dashboard_chamamembe_chamaID_id_61256a44_fk_dashboard` (`chamaID_id`),
  CONSTRAINT `dashboard_chamamembe_chamaID_id_61256a44_fk_dashboard` FOREIGN KEY (`chamaID_id`) REFERENCES `dashboard_chamas` (`chamaID`),
  CONSTRAINT `dashboard_chamamembers_user_id_a964276a_fk_auth_user_id` FOREIGN KEY (`user_id`) REFERENCES `auth_user` (`id`)
) ENGINE=InnoDB DEFAULT CHARSET=utf8mb4 COLLATE=utf8mb4_0900_ai_ci;
/*!40101 SET character_set_client = @saved_cs_client */;

--
-- Dumping data for table `dashboard_chamamembers`
--

LOCK TABLES `dashboard_chamamembers` WRITE;
/*!40000 ALTER TABLE `dashboard_chamamembers` DISABLE KEYS */;
INSERT INTO `dashboard_chamamembers` VALUES ('CSM0000000032','CSG00063',46),('CSM0000000035','CSG00089',49),('CSM0000000036','CSG00089',50),('CSM0000000037','CSG00089',51),('CSM0000000038','CSG00089',52),('CSM0000000039','CSG00089',53),('CSM0000000040','CSG00089',54),('CSM0000000041','CSG00089',55),('CSM0000000042','CSG00089',56),('CSM0000000043','CSG00089',57),('CSM0000000044','CSG00089',58),('CSM0000000045','CSG00089',59),('CSM0000000046','CSG00089',60),('CSM0000000047','CSG00089',61),('CSM0000000048','CSG00089',62),('CSM0000000049','CSG00089',63),('CSM0000000050','CSG00089',64),('CSM0000000051','CSG00089',65),('CSM0000000052','CSG00089',66),('CSM0000000053','CSG00089',67),('CSM0000000054','CSG00089',68),('CSM0000000055','CSG00089',69),('CSM0000000056','CSG00089',70),('CSM0000000057','CSG00089',71),('CSM0000000058','CSG00089',72),('CSM0000000059','CSG00089',73),('CSM0000000060','CSG00089',74),('CSM0000000061','CSG00089',75);
/*!40000 ALTER TABLE `dashboard_chamamembers` ENABLE KEYS */;
UNLOCK TABLES;

--
-- Table structure for table `dashboard_chamas`
--

DROP TABLE IF EXISTS `dashboard_chamas`;
/*!40101 SET @saved_cs_client     = @@character_set_client */;
/*!50503 SET character_set_client = utf8mb4 */;
CREATE TABLE `dashboard_chamas` (
  `chamaID` varchar(15) NOT NULL,
  `chamaName` varchar(50) NOT NULL,
  `regDate` datetime(6) NOT NULL,
  `user_id` int NOT NULL,
  PRIMARY KEY (`chamaID`),
  UNIQUE KEY `user_id` (`user_id`),
  CONSTRAINT `dashboard_chamas_user_id_2c8db8f0_fk_auth_user_id` FOREIGN KEY (`user_id`) REFERENCES `auth_user` (`id`)
) ENGINE=InnoDB DEFAULT CHARSET=utf8mb4 COLLATE=utf8mb4_0900_ai_ci;
/*!40101 SET character_set_client = @saved_cs_client */;

--
-- Dumping data for table `dashboard_chamas`
--

LOCK TABLES `dashboard_chamas` WRITE;
/*!40000 ALTER TABLE `dashboard_chamas` DISABLE KEYS */;
INSERT INTO `dashboard_chamas` VALUES ('CSG00063','ZIMMER CHAMA','2020-08-16 16:18:30.431905',46),('CSG00089','GRET VISION','2020-08-22 10:53:46.869816',49),('CSG00109','Faraja','2020-09-03 08:22:32.344842',78),('CSG00118','Freechido','2020-09-07 10:21:09.192888',79);
/*!40000 ALTER TABLE `dashboard_chamas` ENABLE KEYS */;
UNLOCK TABLES;

--
-- Table structure for table `dashboard_fieldid`
--

DROP TABLE IF EXISTS `dashboard_fieldid`;
/*!40101 SET @saved_cs_client     = @@character_set_client */;
/*!50503 SET character_set_client = utf8mb4 */;
CREATE TABLE `dashboard_fieldid` (
  `fieldName` varchar(20) NOT NULL,
  `currentNumber` int NOT NULL,
  PRIMARY KEY (`fieldName`)
) ENGINE=InnoDB DEFAULT CHARSET=utf8mb4 COLLATE=utf8mb4_0900_ai_ci;
/*!40101 SET character_set_client = @saved_cs_client */;

--
-- Dumping data for table `dashboard_fieldid`
--

LOCK TABLES `dashboard_fieldid` WRITE;
/*!40000 ALTER TABLE `dashboard_fieldid` DISABLE KEYS */;
INSERT INTO `dashboard_fieldid` VALUES ('chamaid',125),('loanid',9),('memberid',79),('subscriptionid',127),('transactionid',1548);
/*!40000 ALTER TABLE `dashboard_fieldid` ENABLE KEYS */;
UNLOCK TABLES;

--
-- Table structure for table `dashboard_loans`
--

DROP TABLE IF EXISTS `dashboard_loans`;
/*!40101 SET @saved_cs_client     = @@character_set_client */;
/*!50503 SET character_set_client = utf8mb4 */;
CREATE TABLE `dashboard_loans` (
  `loanID` varchar(30) NOT NULL,
  `amount` int NOT NULL,
  `repaymentAmount` int NOT NULL,
  `issueDate` datetime(6) NOT NULL,
  `repaymentDate` datetime(6) NOT NULL,
  `memberID_id` varchar(15) NOT NULL,
  `status_id` varchar(10) NOT NULL,
  PRIMARY KEY (`loanID`),
  KEY `dashboard_loans_memberID_id_1991745e_fk_dashboard` (`memberID_id`),
  KEY `dashboard_loans_status_id_580321c6_fk_dashboard` (`status_id`),
  CONSTRAINT `dashboard_loans_memberID_id_1991745e_fk_dashboard` FOREIGN KEY (`memberID_id`) REFERENCES `dashboard_chamamembers` (`memberID`),
  CONSTRAINT `dashboard_loans_status_id_580321c6_fk_dashboard` FOREIGN KEY (`status_id`) REFERENCES `dashboard_loanstatus` (`loanStatusID`)
) ENGINE=InnoDB DEFAULT CHARSET=utf8mb4 COLLATE=utf8mb4_0900_ai_ci;
/*!40101 SET character_set_client = @saved_cs_client */;

--
-- Dumping data for table `dashboard_loans`
--

LOCK TABLES `dashboard_loans` WRITE;
/*!40000 ALTER TABLE `dashboard_loans` DISABLE KEYS */;
/*!40000 ALTER TABLE `dashboard_loans` ENABLE KEYS */;
UNLOCK TABLES;

--
-- Table structure for table `dashboard_loansettings`
--

DROP TABLE IF EXISTS `dashboard_loansettings`;
/*!40101 SET @saved_cs_client     = @@character_set_client */;
/*!50503 SET character_set_client = utf8mb4 */;
CREATE TABLE `dashboard_loansettings` (
  `chamaID_id` varchar(15) NOT NULL,
  `interestRate` decimal(5,2) NOT NULL,
  `repaymentPeriod` int NOT NULL,
  PRIMARY KEY (`chamaID_id`),
  CONSTRAINT `dashboard_loansettin_chamaID_id_23cb173f_fk_dashboard` FOREIGN KEY (`chamaID_id`) REFERENCES `dashboard_chamas` (`chamaID`)
) ENGINE=InnoDB DEFAULT CHARSET=utf8mb4 COLLATE=utf8mb4_0900_ai_ci;
/*!40101 SET character_set_client = @saved_cs_client */;

--
-- Dumping data for table `dashboard_loansettings`
--

LOCK TABLES `dashboard_loansettings` WRITE;
/*!40000 ALTER TABLE `dashboard_loansettings` DISABLE KEYS */;
INSERT INTO `dashboard_loansettings` VALUES ('CSG00063',10.00,30),('CSG00089',10.00,30),('CSG00109',10.00,30),('CSG00118',10.00,30);
/*!40000 ALTER TABLE `dashboard_loansettings` ENABLE KEYS */;
UNLOCK TABLES;

--
-- Table structure for table `dashboard_loanstatus`
--

DROP TABLE IF EXISTS `dashboard_loanstatus`;
/*!40101 SET @saved_cs_client     = @@character_set_client */;
/*!50503 SET character_set_client = utf8mb4 */;
CREATE TABLE `dashboard_loanstatus` (
  `loanStatusID` varchar(10) NOT NULL,
  PRIMARY KEY (`loanStatusID`)
) ENGINE=InnoDB DEFAULT CHARSET=utf8mb4 COLLATE=utf8mb4_0900_ai_ci;
/*!40101 SET character_set_client = @saved_cs_client */;

--
-- Dumping data for table `dashboard_loanstatus`
--

LOCK TABLES `dashboard_loanstatus` WRITE;
/*!40000 ALTER TABLE `dashboard_loanstatus` DISABLE KEYS */;
INSERT INTO `dashboard_loanstatus` VALUES ('paid'),('unpaid');
/*!40000 ALTER TABLE `dashboard_loanstatus` ENABLE KEYS */;
UNLOCK TABLES;

--
-- Table structure for table `dashboard_subscriptions`
--

DROP TABLE IF EXISTS `dashboard_subscriptions`;
/*!40101 SET @saved_cs_client     = @@character_set_client */;
/*!50503 SET character_set_client = utf8mb4 */;
CREATE TABLE `dashboard_subscriptions` (
  `subscriptionID` varchar(20) NOT NULL,
  `startDate` datetime(6) NOT NULL,
  `endDate` datetime(6) NOT NULL,
  `amount` int NOT NULL,
  `chamaID_id` varchar(15) NOT NULL,
  `subscriptionType_id` varchar(10) NOT NULL,
  PRIMARY KEY (`subscriptionID`),
  KEY `dashboard_subscripti_chamaID_id_41aba1be_fk_dashboard` (`chamaID_id`),
  KEY `dashboard_subscripti_subscriptionType_id_fe77b2e6_fk_dashboard` (`subscriptionType_id`),
  CONSTRAINT `dashboard_subscripti_chamaID_id_41aba1be_fk_dashboard` FOREIGN KEY (`chamaID_id`) REFERENCES `dashboard_chamas` (`chamaID`),
  CONSTRAINT `dashboard_subscripti_subscriptionType_id_fe77b2e6_fk_dashboard` FOREIGN KEY (`subscriptionType_id`) REFERENCES `dashboard_subscriptiontypes` (`subscriptionType`)
) ENGINE=InnoDB DEFAULT CHARSET=utf8mb4 COLLATE=utf8mb4_0900_ai_ci;
/*!40101 SET character_set_client = @saved_cs_client */;

--
-- Dumping data for table `dashboard_subscriptions`
--

LOCK TABLES `dashboard_subscriptions` WRITE;
/*!40000 ALTER TABLE `dashboard_subscriptions` DISABLE KEYS */;
INSERT INTO `dashboard_subscriptions` VALUES ('CZS0000000116','2020-08-30 05:17:45.000000','2020-09-13 05:17:45.000000',0,'CSG00089','trial'),('CZS0000000119','2020-08-16 05:18:40.000000','2020-08-23 05:18:40.000000',0,'CSG00063','trial'),('CZS0000000122','2020-09-03 05:19:08.000000','2020-09-17 05:19:08.000000',0,'CSG00109','trial'),('CZS0000000125','2020-09-07 05:19:51.000000','2020-09-21 05:19:51.000000',0,'CSG00118','trial');
/*!40000 ALTER TABLE `dashboard_subscriptions` ENABLE KEYS */;
UNLOCK TABLES;

--
-- Table structure for table `dashboard_subscriptiontypes`
--

DROP TABLE IF EXISTS `dashboard_subscriptiontypes`;
/*!40101 SET @saved_cs_client     = @@character_set_client */;
/*!50503 SET character_set_client = utf8mb4 */;
CREATE TABLE `dashboard_subscriptiontypes` (
  `subscriptionType` varchar(10) NOT NULL,
  PRIMARY KEY (`subscriptionType`)
) ENGINE=InnoDB DEFAULT CHARSET=utf8mb4 COLLATE=utf8mb4_0900_ai_ci;
/*!40101 SET character_set_client = @saved_cs_client */;

--
-- Dumping data for table `dashboard_subscriptiontypes`
--

LOCK TABLES `dashboard_subscriptiontypes` WRITE;
/*!40000 ALTER TABLE `dashboard_subscriptiontypes` DISABLE KEYS */;
INSERT INTO `dashboard_subscriptiontypes` VALUES ('paid'),('trial');
/*!40000 ALTER TABLE `dashboard_subscriptiontypes` ENABLE KEYS */;
UNLOCK TABLES;

--
-- Table structure for table `dashboard_transactions`
--

DROP TABLE IF EXISTS `dashboard_transactions`;
/*!40101 SET @saved_cs_client     = @@character_set_client */;
/*!50503 SET character_set_client = utf8mb4 */;
CREATE TABLE `dashboard_transactions` (
  `transactionID` varchar(20) NOT NULL,
  `transactionDate` datetime(6) NOT NULL,
  `amount` int NOT NULL,
  `memberID_id` varchar(15) NOT NULL,
  `transactionType_id` varchar(30) NOT NULL,
  PRIMARY KEY (`transactionID`),
  KEY `dashboard_transactio_memberID_id_71079d9e_fk_dashboard` (`memberID_id`),
  KEY `dashboard_transactio_transactionType_id_3b857a91_fk_dashboard` (`transactionType_id`),
  CONSTRAINT `dashboard_transactio_memberID_id_71079d9e_fk_dashboard` FOREIGN KEY (`memberID_id`) REFERENCES `dashboard_chamamembers` (`memberID`),
  CONSTRAINT `dashboard_transactio_transactionType_id_3b857a91_fk_dashboard` FOREIGN KEY (`transactionType_id`) REFERENCES `dashboard_transactiontypes` (`transactionType`)
) ENGINE=InnoDB DEFAULT CHARSET=utf8mb4 COLLATE=utf8mb4_0900_ai_ci;
/*!40101 SET character_set_client = @saved_cs_client */;

--
-- Dumping data for table `dashboard_transactions`
--

LOCK TABLES `dashboard_transactions` WRITE;
/*!40000 ALTER TABLE `dashboard_transactions` DISABLE KEYS */;
INSERT INTO `dashboard_transactions` VALUES ('08CST000000064720','2020-08-08 17:35:15.000000',100,'CSM0000000058','siri'),('CST000000000220','2020-06-27 13:10:04.000000',1000,'CSM0000000057','merry-go-round'),('CST000000000320','2020-06-20 07:00:00.000000',1000,'CSM0000000036','merry-go-round'),('CST000000000620','2020-06-27 07:00:00.000000',1000,'CSM0000000036','merry-go-round'),('CST000000000920','2020-06-20 22:16:56.000000',200,'CSM0000000036','savings'),('CST000000001020','2020-07-04 13:16:44.000000',1000,'CSM0000000057','merry-go-round'),('CST000000001220','2020-06-20 22:18:27.000000',100,'CSM0000000036','siri'),('CST000000001320','2020-07-11 13:20:30.000000',1000,'CSM0000000057','merry-go-round'),('CST000000001520','2020-06-27 22:20:13.000000',100,'CSM0000000036','siri'),('CST000000001620','2020-07-11 13:23:48.000000',200,'CSM0000000057','savings'),('CST000000001820','2020-06-27 22:21:29.000000',200,'CSM0000000036','savings'),('CST000000001920','2020-07-18 13:24:50.000000',1000,'CSM0000000057','merry-go-round'),('CST000000002120','2020-07-04 22:24:01.000000',100,'CSM0000000036','savings'),('CST000000002220','2020-07-18 13:29:10.000000',200,'CSM0000000057','savings'),('CST000000002420','2020-07-04 22:26:02.000000',100,'CSM0000000036','siri'),('CST000000002520','2020-07-18 13:30:12.000000',100,'CSM0000000057','development'),('CST000000002720','2020-08-22 22:29:06.000000',6000,'CSM0000000036','merry-go-round'),('CST000000002820','2020-07-25 13:31:12.000000',1000,'CSM0000000057','merry-go-round'),('CST000000003020','2020-08-22 22:31:14.000000',300,'CSM0000000036','siri'),('CST000000003120','2020-08-01 13:32:13.000000',1000,'CSM0000000057','merry-go-round'),('CST000000003320','2020-08-08 22:31:55.000000',300,'CSM0000000036','fine'),('CST000000003420','2020-08-08 13:33:18.000000',1000,'CSM0000000057','merry-go-round'),('CST000000003620','2020-08-01 22:33:42.000000',1000,'CSM0000000036','merry-go-round'),('CST000000003720','2020-08-15 13:34:07.000000',1000,'CSM0000000057','merry-go-round'),('CST000000003920','2020-08-01 22:34:31.000000',100,'CSM0000000036','siri'),('CST000000004020','2020-08-15 13:35:57.000000',200,'CSM0000000057','savings'),('CST000000004220','2020-07-25 22:36:01.000000',200,'CSM0000000036','savings'),('CST000000004320','2020-08-15 13:36:43.000000',100,'CSM0000000057','development'),('CST000000004520','2020-07-25 22:36:41.000000',100,'CSM0000000036','siri'),('CST000000004620','2020-08-22 13:37:24.000000',1000,'CSM0000000057','merry-go-round'),('CST000000004820','2020-07-18 22:38:47.000000',200,'CSM0000000036','savings'),('CST000000005120','2020-07-18 22:39:50.000000',100,'CSM0000000036','siri'),('CST000000005220','2020-06-27 13:55:40.000000',2000,'CSM0000000055','merry-go-round'),('CST000000005620','2020-07-11 22:41:05.000000',1000,'CSM0000000036','merry-go-round'),('CST000000005720','2020-06-27 13:59:11.000000',200,'CSM0000000055','savings'),('CST000000005920','2020-08-22 22:41:40.000000',500,'CSM0000000036','savings'),('CST000000006120','2020-07-04 14:00:53.000000',1000,'CSM0000000055','merry-go-round'),('CST000000006220','2020-07-11 22:42:09.000000',100,'CSM0000000036','siri'),('CST000000006320','2020-06-20 14:01:52.000000',1000,'CSM0000000050','merry-go-round'),('CST000000006520','2020-06-20 22:46:55.000000',500,'CSM0000000053','merry-go-round'),('CST000000006620','2020-07-04 14:02:31.000000',400,'CSM0000000055','savings'),('CST000000006820','2020-07-04 22:48:01.000000',500,'CSM0000000053','merry-go-round'),('CST000000006920','2020-06-27 14:04:07.000000',1000,'CSM0000000050','merry-go-round'),('CST000000007120','2020-07-11 22:49:43.000000',1000,'CSM0000000053','merry-go-round'),('CST000000007220','2020-07-04 14:04:18.000000',300,'CSM0000000055','siri'),('CST000000007420','2020-07-18 22:50:52.000000',1000,'CSM0000000053','merry-go-round'),('CST000000007520','2020-07-15 14:05:38.000000',1000,'CSM0000000055','merry-go-round'),('CST000000007720','2020-07-25 22:51:27.000000',1500,'CSM0000000053','merry-go-round'),('CST000000007820','2020-06-27 14:06:00.000000',200,'CSM0000000050','savings'),('CST000000008020','2020-07-25 22:52:12.000000',200,'CSM0000000053','savings'),('CST000000008120','2020-07-15 14:07:24.000000',400,'CSM0000000055','savings'),('CST000000008320','2020-08-01 22:52:58.000000',1000,'CSM0000000053','merry-go-round'),('CST000000008420','2020-07-15 14:11:04.000000',100,'CSM0000000055','siri'),('CST000000008620','2020-08-08 22:56:59.000000',1000,'CSM0000000053','merry-go-round'),('CST000000008720','2020-06-27 14:11:06.000000',100,'CSM0000000050','siri'),('CST000000008920','2020-08-08 22:58:16.000000',200,'CSM0000000053','savings'),('CST000000009020','2020-08-01 14:13:11.000000',300,'CSM0000000055','fine'),('CST000000009220','2020-08-15 22:58:58.000000',1000,'CSM0000000053','merry-go-round'),('CST000000009320','2020-07-04 14:14:12.000000',1000,'CSM0000000050','merry-go-round'),('CST000000009520','2020-08-22 22:59:43.000000',1000,'CSM0000000053','merry-go-round'),('CST000000009620','2020-08-08 14:14:39.000000',4000,'CSM0000000055','merry-go-round'),('CST000000009820','2020-06-20 17:10:53.000000',1000,'CSM0000000035','merry-go-round'),('CST000000009920','2020-08-15 14:15:29.000000',1000,'CSM0000000055','merry-go-round'),('CST000000010120','2020-06-27 17:16:50.000000',1000,'CSM0000000035','merry-go-round'),('CST000000010220','2020-08-15 14:16:20.000000',400,'CSM0000000055','savings'),('CST000000010420','2020-06-27 17:17:30.000000',2000,'CSM0000000035','savings'),('CST000000010520','2020-07-04 14:17:16.000000',3000,'CSM0000000050','savings'),('CST000000010720','2020-06-27 17:18:38.000000',100,'CSM0000000035','siri'),('CST000000010820','2020-07-04 14:17:37.000000',300,'CSM0000000050','development'),('CST000000011020','2020-07-11 19:17:20.000000',1000,'CSM0000000035','merry-go-round'),('CST000000011120','2020-08-22 14:17:59.000000',1000,'CSM0000000055','merry-go-round'),('CST000000011320','2020-07-11 19:19:15.000000',100,'CSM0000000035','siri'),('CST000000011420','2020-07-04 14:18:57.000000',200,'CSM0000000050','emergency'),('CST000000011620','2020-07-25 19:19:46.000000',1000,'CSM0000000035','merry-go-round'),('CST000000011720','2020-08-22 14:19:03.000000',100,'CSM0000000055','siri'),('CST000000011920','2020-08-08 19:21:08.000000',1000,'CSM0000000035','merry-go-round'),('CST000000012020','2020-06-27 14:19:37.000000',2000,'CSM0000000039','merry-go-round'),('CST000000012220','2020-08-08 19:23:18.000000',100,'CSM0000000035','siri'),('CST000000012320','2020-07-04 14:21:11.000000',100,'CSM0000000050','siri'),('CST000000012520','2020-08-08 19:23:45.000000',200,'CSM0000000035','savings'),('CST000000012620','2020-06-11 14:21:48.000000',1000,'CSM0000000050','merry-go-round'),('CST000000012820','2020-08-15 19:24:18.000000',1000,'CSM0000000035','merry-go-round'),('CST000000012920','2020-06-27 14:21:56.000000',200,'CSM0000000039','siri'),('CST000000013120','2020-08-15 19:25:37.000000',300,'CSM0000000035','savings'),('CST000000013220','2020-07-11 14:23:57.000000',1000,'CSM0000000050','merry-go-round'),('CST000000013420','2020-08-15 19:26:04.000000',100,'CSM0000000035','siri'),('CST000000013520','2020-07-04 14:24:13.000000',1000,'CSM0000000039','merry-go-round'),('CST000000013720','2020-08-22 19:26:46.000000',1000,'CSM0000000035','merry-go-round'),('CST000000013820','2020-07-04 14:26:30.000000',100,'CSM0000000039','siri'),('CST000000014020','2020-08-22 19:27:51.000000',400,'CSM0000000035','savings'),('CST000000014120','2020-07-18 14:27:18.000000',2000,'CSM0000000039','merry-go-round'),('CST000000014320','2020-08-22 19:28:12.000000',100,'CSM0000000035','siri'),('CST000000014420','2020-07-18 14:29:15.000000',200,'CSM0000000039','siri'),('CST000000014620','2020-08-22 19:42:12.000000',300,'CSM0000000052','fine'),('CST000000014720','2020-08-01 14:30:01.000000',1000,'CSM0000000039','merry-go-round'),('CST000000014920','2020-08-15 19:51:54.000000',300,'CSM0000000052','fine'),('CST000000015020','2020-08-01 14:31:12.000000',100,'CSM0000000039','siri'),('CST000000015220','2020-08-08 19:52:29.000000',300,'CSM0000000052','fine'),('CST000000015320','2020-08-08 14:32:03.000000',300,'CSM0000000039','fine'),('CST000000015420','2020-08-16 16:30:44.933845',300,'CSM0000000032','merry-go-round'),('CST000000015520','2020-08-01 19:53:22.000000',300,'CSM0000000052','fine'),('CST000000015620','2020-07-11 14:33:55.000000',200,'CSM0000000050','savings'),('CST000000015820','2020-07-18 19:55:32.000000',1000,'CSM0000000052','merry-go-round'),('CST000000015920','2020-07-11 14:35:19.000000',100,'CSM0000000050','siri'),('CST000000016120','2020-07-11 19:56:29.000000',1000,'CSM0000000052','merry-go-round'),('CST000000016320','2020-08-15 14:43:25.000000',300,'CSM0000000039','fine'),('CST000000016420','2020-07-11 19:58:31.000000',100,'CSM0000000052','savings'),('CST000000016620','2020-06-20 14:45:18.000000',1000,'CSM0000000045','merry-go-round'),('CST000000016720','2020-07-11 19:59:06.000000',200,'CSM0000000052','siri'),('CST000000016920','2020-06-20 14:48:07.000000',200,'CSM0000000045','savings'),('CST000000017020','2020-07-04 19:59:34.000000',1000,'CSM0000000052','merry-go-round'),('CST000000017220','2020-06-20 14:48:46.000000',100,'CSM0000000045','siri'),('CST000000017320','2020-06-27 20:07:02.000000',1000,'CSM0000000052','merry-go-round'),('CST000000017520','2020-07-04 14:49:36.000000',2000,'CSM0000000045','merry-go-round'),('CST000000017620','2020-06-27 20:09:12.000000',200,'CSM0000000052','development'),('CST000000017820','2020-07-04 14:56:24.000000',300,'CSM0000000045','savings'),('CST000000017920','2020-06-27 20:09:54.000000',100,'CSM0000000052','siri'),('CST000000018120','2020-07-04 14:57:35.000000',200,'CSM0000000045','siri'),('CST000000018220','2020-06-20 20:10:25.000000',100,'CSM0000000052','siri'),('CST000000018420','2020-08-01 14:58:29.000000',300,'CSM0000000045','fine'),('CST000000018520','2020-06-20 20:11:16.000000',1000,'CSM0000000052','merry-go-round'),('CST000000018720','2020-06-27 14:59:46.000000',3000,'CSM0000000046','merry-go-round'),('CST000000019020','2020-06-27 15:02:23.000000',1000,'CSM0000000046','savings'),('CST000000019320','2020-06-27 15:04:21.000000',400,'CSM0000000046','development'),('CST000000019620','2020-06-27 15:06:03.000000',400,'CSM0000000046','emergency'),('CST000000019920','2020-06-27 15:07:05.000000',200,'CSM0000000046','siri'),('CST000000020420','2020-07-04 15:23:33.000000',1500,'CSM0000000046','merry-go-round'),('CST000000020720','2020-07-04 15:25:20.000000',500,'CSM0000000046','savings'),('CST000000021020','2020-07-04 15:25:50.000000',200,'CSM0000000046','development'),('CST000000021320','2020-07-04 15:26:42.000000',200,'CSM0000000046','emergency'),('CST000000021620','2020-07-04 15:27:21.000000',100,'CSM0000000046','siri'),('CST000000021920','2020-07-11 15:28:03.000000',1500,'CSM0000000046','merry-go-round'),('CST000000022220','2020-07-11 15:28:45.000000',500,'CSM0000000046','savings'),('CST000000022520','2020-07-11 15:29:15.000000',200,'CSM0000000046','development'),('CST000000022820','2020-07-11 15:30:32.000000',200,'CSM0000000046','emergency'),('CST000000023120','2020-07-11 15:31:52.000000',100,'CSM0000000046','siri'),('CST000000023420','2020-07-18 15:32:24.000000',1500,'CSM0000000046','merry-go-round'),('CST000000023720','2020-07-18 15:33:54.000000',500,'CSM0000000046','savings'),('CST000000024020','2020-07-18 15:34:15.000000',200,'CSM0000000046','development'),('CST000000024320','2020-07-18 15:35:04.000000',200,'CSM0000000046','emergency'),('CST000000024620','2020-07-18 15:36:10.000000',100,'CSM0000000046','siri'),('CST000000024920','2020-07-25 15:36:39.000000',1500,'CSM0000000046','merry-go-round'),('CST000000025220','2020-07-25 15:38:21.000000',500,'CSM0000000046','savings'),('CST000000025520','2020-07-25 15:39:31.000000',200,'CSM0000000046','development'),('CST000000025820','2020-07-25 15:40:09.000000',200,'CSM0000000046','emergency'),('CST000000026120','2020-07-25 15:41:04.000000',100,'CSM0000000046','siri'),('CST000000026420','2020-08-01 15:41:44.000000',1500,'CSM0000000046','merry-go-round'),('CST000000026720','2020-08-01 15:42:50.000000',500,'CSM0000000046','savings'),('CST000000027020','2020-08-01 15:43:20.000000',200,'CSM0000000046','development'),('CST000000027320','2020-08-01 15:43:47.000000',200,'CSM0000000046','emergency'),('CST000000027620','2020-08-01 15:44:10.000000',100,'CSM0000000046','siri'),('CST000000027920','2020-08-08 15:44:32.000000',1500,'CSM0000000046','merry-go-round'),('CST000000028220','2020-08-08 15:45:52.000000',500,'CSM0000000046','savings'),('CST000000028520','2020-08-08 15:46:42.000000',200,'CSM0000000046','development'),('CST000000028820','2020-08-08 15:47:34.000000',200,'CSM0000000046','emergency'),('CST000000029120','2020-08-08 15:47:55.000000',100,'CSM0000000046','siri'),('CST000000029420','2020-08-15 15:48:39.000000',1500,'CSM0000000046','merry-go-round'),('CST000000029720','2020-08-15 15:49:29.000000',500,'CSM0000000046','savings'),('CST000000030020','2020-08-15 15:49:51.000000',200,'CSM0000000046','development'),('CST000000030320','2020-08-15 15:51:44.000000',200,'CSM0000000046','emergency'),('CST000000030620','2020-08-15 15:52:10.000000',100,'CSM0000000046','siri'),('CST000000030920','2020-08-22 15:53:08.000000',1500,'CSM0000000046','merry-go-round'),('CST000000031220','2020-08-22 15:54:10.000000',500,'CSM0000000046','savings'),('CST000000031520','2020-08-22 15:54:39.000000',200,'CSM0000000046','development'),('CST000000031820','2020-08-22 15:55:03.000000',200,'CSM0000000046','emergency'),('CST000000032120','2020-08-22 15:55:27.000000',100,'CSM0000000046','siri'),('CST000000032420','2020-07-11 15:56:05.000000',4000,'CSM0000000048','merry-go-round'),('CST000000032720','2020-07-11 15:58:46.000000',400,'CSM0000000048','siri'),('CST000000033020','2020-07-25 15:59:18.000000',2000,'CSM0000000048','merry-go-round'),('CST000000033320','2020-08-01 16:00:09.000000',300,'CSM0000000048','fine'),('CST000000033620','2020-08-08 16:00:44.000000',300,'CSM0000000048','fine'),('CST000000033920','2020-08-15 16:01:16.000000',3000,'CSM0000000048','merry-go-round'),('CST000000034220','2020-08-22 16:01:49.000000',1000,'CSM0000000048','merry-go-round'),('CST000000034520','2020-07-18 16:02:16.000000',200,'CSM0000000050','savings'),('CST000000034820','2020-07-18 16:06:08.000000',100,'CSM0000000050','siri'),('CST000000035120','2020-07-25 16:06:26.000000',1000,'CSM0000000050','merry-go-round'),('CST000000035420','2020-07-25 16:06:52.000000',200,'CSM0000000050','savings'),('CST000000035720','2020-07-25 16:07:13.000000',100,'CSM0000000050','siri'),('CST000000036020','2020-08-01 16:07:46.000000',1000,'CSM0000000050','merry-go-round'),('CST000000036320','2020-08-01 16:08:16.000000',900,'CSM0000000050','savings'),('CST000000036620','2020-08-01 16:08:38.000000',100,'CSM0000000050','siri'),('CST000000036920','2020-08-08 16:08:53.000000',2000,'CSM0000000050','merry-go-round'),('CST000000037220','2020-08-08 16:09:22.000000',500,'CSM0000000050','savings'),('CST000000037520','2020-08-08 16:10:06.000000',200,'CSM0000000050','development'),('CST000000037820','2020-08-08 16:10:30.000000',100,'CSM0000000050','siri'),('CST000000038120','2020-08-15 16:11:05.000000',1000,'CSM0000000050','merry-go-round'),('CST000000038420','2020-08-15 16:11:36.000000',220,'CSM0000000050','savings'),('CST000000038720','2020-08-15 16:12:07.000000',100,'CSM0000000050','siri'),('CST000000039020','2020-08-22 16:12:33.000000',1000,'CSM0000000050','merry-go-round'),('CST000000039320','2020-08-22 16:12:54.000000',500,'CSM0000000050','savings'),('CST000000039620','2020-08-22 16:13:17.000000',100,'CSM0000000050','siri'),('CST000000039920','2020-07-04 16:13:45.000000',3000,'CSM0000000037','merry-go-round'),('CST000000040220','2020-07-04 16:24:01.000000',300,'CSM0000000037','siri'),('CST000000040520','2020-07-11 16:24:34.000000',1000,'CSM0000000037','merry-go-round'),('CST000000040820','2020-07-11 16:25:17.000000',400,'CSM0000000037','savings'),('CST000000041120','2020-07-11 16:25:44.000000',100,'CSM0000000037','siri'),('CST000000041420','2020-07-18 16:26:15.000000',1000,'CSM0000000037','merry-go-round'),('CST000000041720','2020-07-18 16:27:36.000000',200,'CSM0000000037','savings'),('CST000000042020','2020-07-18 16:28:09.000000',100,'CSM0000000037','siri'),('CST000000042520','2020-07-25 16:28:46.000000',1000,'CSM0000000037','merry-go-round'),('CST000000042820','2020-07-25 16:29:44.000000',100,'CSM0000000037','siri'),('CST000000043120','2020-08-01 16:30:10.000000',1000,'CSM0000000037','merry-go-round'),('CST000000043420','2020-08-01 16:31:29.000000',200,'CSM0000000037','savings'),('CST000000043720','2020-08-01 16:32:25.000000',100,'CSM0000000037','siri'),('CST000000044020','2020-08-15 16:32:52.000000',1000,'CSM0000000037','merry-go-round'),('CST000000044320','2020-08-15 16:33:32.000000',100,'CSM0000000037','siri'),('CST000000044620','2020-08-22 16:34:00.000000',1000,'CSM0000000037','merry-go-round'),('CST000000044920','2020-08-22 16:34:35.000000',100,'CSM0000000037','siri'),('CST000000045220','2020-06-20 16:35:00.000000',500,'CSM0000000056','merry-go-round'),('CST000000045520','2020-06-27 16:36:14.000000',500,'CSM0000000056','merry-go-round'),('CST000000045820','2020-07-11 16:36:58.000000',500,'CSM0000000056','merry-go-round'),('CST000000046120','2020-08-01 16:38:03.000000',500,'CSM0000000056','merry-go-round'),('CST000000046420','2020-08-08 16:38:35.000000',500,'CSM0000000056','merry-go-round'),('CST000000046720','2020-08-15 16:39:07.000000',500,'CSM0000000056','merry-go-round'),('CST000000047020','2020-08-22 16:39:30.000000',500,'CSM0000000056','merry-go-round'),('CST000000047320','2020-06-20 16:39:49.000000',1000,'CSM0000000042','merry-go-round'),('CST000000047620','2020-06-27 16:42:20.000000',1000,'CSM0000000042','merry-go-round'),('CST000000047920','2020-06-27 16:43:08.000000',300,'CSM0000000042','savings'),('CST000000048220','2020-06-27 16:43:38.000000',200,'CSM0000000042','siri'),('CST000000048520','2020-07-04 16:44:13.000000',1000,'CSM0000000042','merry-go-round'),('CST000000048820','2020-07-04 16:45:12.000000',400,'CSM0000000042','savings'),('CST000000049120','2020-07-04 16:45:43.000000',100,'CSM0000000042','siri'),('CST000000049420','2020-07-11 16:46:17.000000',1000,'CSM0000000042','merry-go-round'),('CST000000049720','2020-07-11 16:47:25.000000',400,'CSM0000000042','savings'),('CST000000050020','2020-07-11 16:47:56.000000',100,'CSM0000000042','siri'),('CST000000050320','2020-07-18 16:48:55.000000',1000,'CSM0000000042','merry-go-round'),('CST000000050620','2020-07-18 16:49:56.000000',400,'CSM0000000042','savings'),('CST000000050920','2020-07-18 16:50:24.000000',100,'CSM0000000042','siri'),('CST000000051220','2020-07-25 16:50:40.000000',1000,'CSM0000000042','merry-go-round'),('CST000000051520','2020-07-25 16:51:51.000000',400,'CSM0000000042','savings'),('CST000000051820','2020-07-25 16:52:20.000000',100,'CSM0000000042','siri'),('CST000000052120','2020-08-01 16:53:11.000000',1000,'CSM0000000042','merry-go-round'),('CST000000052420','2020-08-01 16:53:48.000000',400,'CSM0000000042','savings'),('CST000000052720','2020-08-01 16:54:22.000000',100,'CSM0000000042','siri'),('CST000000053020','2020-08-08 16:54:45.000000',1000,'CSM0000000042','merry-go-round'),('CST000000053320','2020-08-15 16:57:41.000000',1000,'CSM0000000042','merry-go-round'),('CST000000053620','2020-08-22 16:58:06.000000',1000,'CSM0000000042','merry-go-round'),('CST000000053920','2020-06-20 16:58:27.000000',1000,'CSM0000000058','merry-go-round'),('CST000000054220','2020-06-20 17:00:25.000000',200,'CSM0000000058','savings'),('CST000000054520','2020-06-20 17:00:52.000000',100,'CSM0000000058','development'),('CST000000054820','2020-06-20 17:01:09.000000',100,'CSM0000000058','emergency'),('CST000000055120','2020-06-20 17:01:36.000000',100,'CSM0000000058','siri'),('CST000000055420','2020-06-27 17:04:39.000000',1000,'CSM0000000058','merry-go-round'),('CST000000055720','2020-06-27 17:06:03.000000',200,'CSM0000000058','savings'),('CST000000056020','2020-06-27 17:07:35.000000',100,'CSM0000000058','development'),('CST000000056320','2020-06-27 17:08:18.000000',100,'CSM0000000058','emergency'),('CST000000056620','2020-06-27 17:09:58.000000',100,'CSM0000000058','siri'),('CST000000056920','2020-07-04 17:10:36.000000',1000,'CSM0000000058','merry-go-round'),('CST000000057220','2020-07-04 17:12:01.000000',300,'CSM0000000058','savings'),('CST000000057520','2020-07-04 17:12:41.000000',100,'CSM0000000058','development'),('CST000000057820','2020-07-04 17:13:23.000000',100,'CSM0000000058','siri'),('CST000000058120','2020-07-11 17:13:51.000000',1000,'CSM0000000058','merry-go-round'),('CST000000058420','2020-07-11 17:15:17.000000',200,'CSM0000000058','savings'),('CST000000058720','2020-07-11 17:17:55.000000',100,'CSM0000000058','development'),('CST000000059020','2020-07-11 17:18:25.000000',100,'CSM0000000058','emergency'),('CST000000059320','2020-07-11 17:18:53.000000',100,'CSM0000000058','siri'),('CST000000059620','2020-07-18 17:19:23.000000',1000,'CSM0000000058','merry-go-round'),('CST000000059920','2020-07-18 17:20:38.000000',200,'CSM0000000058','savings'),('CST000000060220','2020-07-18 17:21:49.000000',100,'CSM0000000058','development'),('CST000000060520','2020-07-18 17:22:52.000000',100,'CSM0000000058','emergency'),('CST000000060820','2020-07-18 17:23:52.000000',100,'CSM0000000058','siri'),('CST000000061120','2020-07-25 17:24:29.000000',1000,'CSM0000000058','merry-go-round'),('CST000000061420','2020-07-25 17:25:20.000000',200,'CSM0000000058','savings'),('CST000000061720','2020-07-25 17:25:59.000000',100,'CSM0000000058','development'),('CST000000062020','2020-07-25 17:26:24.000000',100,'CSM0000000058','emergency'),('CST000000062320','2020-07-25 17:26:46.000000',100,'CSM0000000058','siri'),('CST000000062620','2020-08-01 17:27:09.000000',1000,'CSM0000000058','merry-go-round'),('CST000000062920','2020-08-01 17:28:28.000000',200,'CSM0000000058','savings'),('CST000000063220','2020-08-01 17:28:51.000000',100,'CSM0000000058','development'),('CST000000063520','2020-08-01 17:29:15.000000',100,'CSM0000000058','emergency'),('CST000000063820','2020-08-01 17:29:39.000000',100,'CSM0000000058','siri'),('CST000000064120','2020-08-08 17:30:23.000000',1000,'CSM0000000058','merry-go-round'),('CST000000064420','2020-08-08 17:32:15.000000',200,'CSM0000000058','savings'),('CST000000065620','2020-08-15 17:37:21.000000',1000,'CSM0000000058','merry-go-round'),('CST000000065920','2020-08-15 17:38:08.000000',200,'CSM0000000058','savings'),('CST000000066220','2020-08-15 17:39:17.000000',100,'CSM0000000058','siri'),('CST000000066520','2020-08-22 17:39:52.000000',1000,'CSM0000000058','merry-go-round'),('CST000000066820','2020-08-22 17:40:49.000000',300,'CSM0000000058','savings'),('CST000000067120','2020-08-22 17:41:23.000000',100,'CSM0000000058','development'),('CST000000067420','2020-08-22 17:42:13.000000',100,'CSM0000000058','emergency'),('CST000000067720','2020-08-22 17:42:54.000000',100,'CSM0000000058','siri'),('CST000000068020','2020-06-20 17:43:33.000000',1000,'CSM0000000061','merry-go-round'),('CST000000068620','2020-06-20 17:46:41.000000',200,'CSM0000000061','savings'),('CST000000069120','2020-06-20 17:47:50.000000',100,'CSM0000000061','siri'),('CST000000069420','2020-06-27 17:48:17.000000',1000,'CSM0000000061','merry-go-round'),('CST000000069720','2020-06-27 17:57:47.000000',300,'CSM0000000061','savings'),('CST000000070020','2020-06-27 17:58:11.000000',100,'CSM0000000061','siri'),('CST000000070320','2020-07-04 17:58:33.000000',1000,'CSM0000000061','merry-go-round'),('CST000000070620','2020-07-04 17:59:25.000000',500,'CSM0000000061','savings'),('CST000000070920','2020-07-04 17:59:46.000000',100,'CSM0000000061','siri'),('CST000000071220','2020-07-11 18:00:09.000000',1000,'CSM0000000061','merry-go-round'),('CST000000071520','2020-07-11 18:00:54.000000',100,'CSM0000000061','siri'),('CST000000071820','2020-07-18 18:01:31.000000',1000,'CSM0000000061','merry-go-round'),('CST000000072120','2020-07-18 18:02:23.000000',500,'CSM0000000061','savings'),('CST000000072420','2020-07-18 18:02:56.000000',100,'CSM0000000061','siri'),('CST000000072720','2020-07-25 18:03:37.000000',1000,'CSM0000000061','merry-go-round'),('CST000000073020','2020-07-25 18:05:09.000000',500,'CSM0000000061','savings'),('CST000000073320','2020-07-25 18:05:50.000000',100,'CSM0000000061','siri'),('CST000000073620','2020-08-01 18:06:14.000000',1000,'CSM0000000061','merry-go-round'),('CST000000073920','2020-08-01 18:07:04.000000',500,'CSM0000000061','savings'),('CST000000074220','2020-08-01 18:07:32.000000',100,'CSM0000000061','siri'),('CST000000074520','2020-08-08 18:08:03.000000',1000,'CSM0000000061','merry-go-round'),('CST000000074820','2020-08-08 18:08:35.000000',100,'CSM0000000061','siri'),('CST000000075120','2020-08-15 18:09:23.000000',1000,'CSM0000000061','merry-go-round'),('CST000000075420','2020-08-15 18:10:14.000000',500,'CSM0000000061','savings'),('CST000000075720','2020-08-15 18:10:40.000000',100,'CSM0000000061','siri'),('CST000000076020','2020-08-22 18:11:00.000000',1000,'CSM0000000061','merry-go-round'),('CST000000076320','2020-08-22 18:11:21.000000',100,'CSM0000000061','siri'),('CST000000076920','2020-06-20 10:01:39.000000',1000,'CSM0000000060','merry-go-round'),('CST000000077220','2020-06-20 10:03:08.000000',500,'CSM0000000060','savings'),('CST000000077520','2020-06-20 10:03:29.000000',100,'CSM0000000060','siri'),('CST000000077820','2020-07-04 10:03:55.000000',1000,'CSM0000000060','merry-go-round'),('CST000000078120','2020-07-04 10:04:42.000000',500,'CSM0000000060','savings'),('CST000000078420','2020-07-04 10:05:03.000000',100,'CSM0000000060','siri'),('CST000000078720','2020-07-11 10:05:32.000000',500,'CSM0000000060','merry-go-round'),('CST000000079020','2020-07-18 10:06:13.000000',2000,'CSM0000000060','merry-go-round'),('CST000000079320','2020-07-18 10:07:13.000000',300,'CSM0000000060','savings'),('CST000000079620','2020-07-25 10:07:48.000000',1000,'CSM0000000060','merry-go-round'),('CST000000079920','2020-08-01 10:08:41.000000',300,'CSM0000000060','fine'),('CST000000080220','2020-08-08 10:09:39.000000',1000,'CSM0000000060','merry-go-round'),('CST000000080520','2020-08-08 10:10:06.000000',500,'CSM0000000060','savings'),('CST000000080820','2020-08-08 10:10:32.000000',100,'CSM0000000060','siri'),('CST000000081120','2020-08-15 10:10:57.000000',1000,'CSM0000000060','merry-go-round'),('CST000000081420','2020-08-15 10:11:29.000000',500,'CSM0000000060','savings'),('CST000000081720','2020-08-15 10:11:54.000000',100,'CSM0000000060','siri'),('CST000000082020','2020-08-15 10:12:11.000000',1000,'CSM0000000060','merry-go-round'),('CST000000082320','2020-06-20 10:12:34.000000',1000,'CSM0000000040','merry-go-round'),('CST000000082620','2020-06-20 10:15:25.000000',200,'CSM0000000040','savings'),('CST000000082920','2020-06-20 10:15:46.000000',100,'CSM0000000040','siri'),('CST000000083220','2020-06-20 10:16:12.000000',2000,'CSM0000000040','merry-go-round'),('CST000000083520','2020-06-20 10:16:37.000000',1000,'CSM0000000059','merry-go-round'),('CST000000083820','2020-06-27 10:19:18.000000',1000,'CSM0000000059','merry-go-round'),('CST000000084120','2020-07-04 10:19:55.000000',1000,'CSM0000000059','merry-go-round'),('CST000000084420','2020-07-11 10:20:19.000000',1000,'CSM0000000059','merry-go-round'),('CST000000084720','2020-07-18 10:20:58.000000',1000,'CSM0000000059','merry-go-round'),('CST000000085020','2020-07-25 10:21:45.000000',1000,'CSM0000000059','merry-go-round'),('CST000000085320','2020-08-01 10:22:17.000000',1000,'CSM0000000059','merry-go-round'),('CST000000085620','2020-08-08 10:22:36.000000',1000,'CSM0000000059','merry-go-round'),('CST000000085920','2020-08-15 10:22:54.000000',1000,'CSM0000000059','merry-go-round'),('CST000000086220','2020-08-22 10:23:37.000000',1000,'CSM0000000059','merry-go-round'),('CST000000086520','2020-06-20 10:24:23.000000',1000,'CSM0000000047','merry-go-round'),('CST000000086820','2020-06-20 10:29:06.000000',300,'CSM0000000047','savings'),('CST000000087120','2020-06-20 10:29:37.000000',100,'CSM0000000047','siri'),('CST000000087420','2020-06-27 10:30:01.000000',1000,'CSM0000000047','merry-go-round'),('CST000000087720','2020-06-27 10:30:28.000000',1000,'CSM0000000047','savings'),('CST000000088020','2020-06-27 10:30:53.000000',100,'CSM0000000047','development'),('CST000000088320','2020-06-27 10:31:15.000000',100,'CSM0000000047','emergency'),('CST000000088620','2020-06-27 10:31:37.000000',100,'CSM0000000047','siri'),('CST000000088920','2020-07-04 10:32:11.000000',1000,'CSM0000000047','merry-go-round'),('CST000000089220','2020-07-04 10:33:37.000000',1000,'CSM0000000047','savings'),('CST000000089520','2020-07-04 10:34:10.000000',100,'CSM0000000047','development'),('CST000000089820','2020-07-04 10:34:26.000000',100,'CSM0000000047','emergency'),('CST000000090120','2020-07-04 10:34:51.000000',100,'CSM0000000047','siri'),('CST000000090420','2020-07-11 10:35:21.000000',1000,'CSM0000000047','merry-go-round'),('CST000000090720','2020-07-11 10:36:54.000000',1000,'CSM0000000047','savings'),('CST000000091020','2020-07-11 10:37:22.000000',100,'CSM0000000047','development'),('CST000000091320','2020-07-11 10:37:39.000000',100,'CSM0000000047','emergency'),('CST000000091620','2020-07-11 10:37:54.000000',100,'CSM0000000047','siri'),('CST000000091920','2020-07-18 10:38:12.000000',1000,'CSM0000000047','merry-go-round'),('CST000000092220','2020-07-18 10:38:52.000000',1000,'CSM0000000047','savings'),('CST000000092520','2020-07-18 10:39:13.000000',100,'CSM0000000047','development'),('CST000000092820','2020-07-18 10:39:30.000000',100,'CSM0000000047','emergency'),('CST000000093120','2020-07-18 10:39:49.000000',100,'CSM0000000047','siri'),('CST000000093420','2020-07-25 10:44:12.000000',1000,'CSM0000000047','merry-go-round'),('CST000000093720','2020-07-25 10:44:44.000000',1000,'CSM0000000047','savings'),('CST000000094020','2020-07-25 10:45:01.000000',100,'CSM0000000047','development'),('CST000000094320','2020-07-25 10:45:18.000000',100,'CSM0000000047','emergency'),('CST000000094620','2020-07-25 10:45:37.000000',100,'CSM0000000047','siri'),('CST000000094920','2020-08-01 10:45:55.000000',1000,'CSM0000000047','merry-go-round'),('CST000000095220','2020-08-01 10:47:55.000000',1000,'CSM0000000047','savings'),('CST000000095520','2020-08-01 10:48:10.000000',100,'CSM0000000047','development'),('CST000000095820','2020-08-01 10:48:27.000000',100,'CSM0000000047','emergency'),('CST000000096120','2020-08-01 10:48:40.000000',100,'CSM0000000047','siri'),('CST000000096420','2020-08-08 10:48:54.000000',1000,'CSM0000000047','merry-go-round'),('CST000000096720','2020-08-08 10:51:07.000000',1000,'CSM0000000047','savings'),('CST000000097020','2020-08-08 10:51:31.000000',100,'CSM0000000047','development'),('CST000000097320','2020-08-08 10:51:51.000000',100,'CSM0000000047','emergency'),('CST000000097620','2020-08-08 10:52:05.000000',100,'CSM0000000047','siri'),('CST000000097920','2020-08-15 10:52:23.000000',1000,'CSM0000000047','merry-go-round'),('CST000000098220','2020-08-15 10:53:44.000000',1000,'CSM0000000047','savings'),('CST000000098520','2020-08-15 10:54:00.000000',100,'CSM0000000047','development'),('CST000000098820','2020-08-15 10:54:16.000000',100,'CSM0000000047','emergency'),('CST000000099120','2020-08-15 10:54:28.000000',100,'CSM0000000047','siri'),('CST000000099420','2020-08-22 10:54:41.000000',1000,'CSM0000000047','merry-go-round'),('CST000000099720','2020-08-22 10:55:49.000000',1000,'CSM0000000047','savings'),('CST000000100020','2020-08-22 10:56:22.000000',100,'CSM0000000047','development'),('CST000000100320','2020-08-22 10:56:44.000000',100,'CSM0000000047','emergency'),('CST000000100620','2020-08-22 10:56:57.000000',100,'CSM0000000047','siri'),('CST000000100920','2020-06-20 10:57:14.000000',1000,'CSM0000000051','merry-go-round'),('CST000000101220','2020-06-27 11:03:18.000000',1000,'CSM0000000051','merry-go-round'),('CST000000101520','2020-06-27 11:04:09.000000',2000,'CSM0000000051','savings'),('CST000000101820','2020-06-27 11:04:30.000000',200,'CSM0000000051','siri'),('CST000000102120','2020-07-04 11:04:47.000000',1000,'CSM0000000051','merry-go-round'),('CST000000102420','2020-07-04 11:05:36.000000',1000,'CSM0000000051','savings'),('CST000000102720','2020-07-04 11:06:41.000000',300,'CSM0000000051','development'),('CST000000103020','2020-07-04 11:07:06.000000',100,'CSM0000000051','siri'),('CST000000103320','2020-07-11 11:09:52.000000',1000,'CSM0000000051','merry-go-round'),('CST000000103620','2020-07-11 11:10:53.000000',1000,'CSM0000000051','savings'),('CST000000103920','2020-07-11 11:11:12.000000',100,'CSM0000000051','development'),('CST000000104220','2020-07-11 11:11:37.000000',100,'CSM0000000051','siri'),('CST000000104520','2020-07-18 11:12:00.000000',1000,'CSM0000000051','merry-go-round'),('CST000000104820','2020-07-18 11:12:33.000000',1000,'CSM0000000051','savings'),('CST000000105120','2020-07-18 11:12:57.000000',200,'CSM0000000051','development'),('CST000000105420','2020-07-18 11:13:23.000000',100,'CSM0000000051','siri'),('CST000000105720','2020-07-25 11:13:37.000000',1000,'CSM0000000051','merry-go-round'),('CST000000106020','2020-07-25 11:14:14.000000',1000,'CSM0000000051','savings'),('CST000000106320','2020-07-25 11:14:43.000000',100,'CSM0000000051','development'),('CST000000106620','2020-07-25 11:15:22.000000',100,'CSM0000000051','siri'),('CST000000106920','2020-08-01 11:16:20.000000',1000,'CSM0000000051','merry-go-round'),('CST000000107220','2020-08-01 11:17:01.000000',1000,'CSM0000000051','savings'),('CST000000107520','2020-08-01 11:17:27.000000',100,'CSM0000000051','development'),('CST000000107820','2020-08-01 11:17:43.000000',100,'CSM0000000051','siri'),('CST000000108120','2020-08-08 11:18:00.000000',1000,'CSM0000000051','merry-go-round'),('CST000000108420','2020-08-08 11:18:28.000000',3500,'CSM0000000051','savings'),('CST000000108720','2020-08-08 11:18:45.000000',300,'CSM0000000051','development'),('CST000000109020','2020-08-08 11:19:07.000000',100,'CSM0000000051','siri'),('CST000000109320','2020-08-15 11:19:23.000000',1000,'CSM0000000051','merry-go-round'),('CST000000109620','2020-08-15 11:20:41.000000',3500,'CSM0000000051','savings'),('CST000000109920','2020-08-15 11:20:59.000000',200,'CSM0000000051','development'),('CST000000110220','2020-08-15 11:21:16.000000',100,'CSM0000000051','siri'),('CST000000110520','2020-08-22 11:21:34.000000',3500,'CSM0000000051','savings'),('CST000000110820','2020-06-27 11:22:48.000000',300,'CSM0000000038','savings'),('CST000000111120','2020-07-11 11:37:17.000000',150,'CSM0000000038','savings'),('CST000000111420','2020-07-18 11:38:01.000000',500,'CSM0000000038','savings'),('CST000000111720','2020-07-25 11:38:24.000000',350,'CSM0000000038','savings'),('CST000000112020','2020-08-01 11:39:53.000000',200,'CSM0000000038','savings'),('CST000000112320','2020-08-15 11:40:27.000000',180,'CSM0000000038','savings'),('CST000000112620','2020-07-25 11:41:06.000000',200,'CSM0000000041','savings'),('CST000000112920','2020-08-01 11:45:45.000000',300,'CSM0000000041','savings'),('CST000000113220','2020-08-08 11:46:11.000000',200,'CSM0000000041','savings'),('CST000000113520','2020-08-15 11:46:46.000000',300,'CSM0000000041','savings'),('CST000000113820','2020-06-20 11:47:29.000000',1000,'CSM0000000044','merry-go-round'),('CST000000114120','2020-06-27 11:49:42.000000',1000,'CSM0000000044','merry-go-round'),('CST000000114420','2020-06-27 11:50:05.000000',200,'CSM0000000044','savings'),('CST000000114720','2020-07-04 11:50:18.000000',1000,'CSM0000000044','merry-go-round'),('CST000000115020','2020-07-11 11:51:26.000000',1000,'CSM0000000044','merry-go-round'),('CST000000115320','2020-07-18 11:51:51.000000',1000,'CSM0000000044','merry-go-round'),('CST000000115620','2020-07-18 11:52:08.000000',300,'CSM0000000044','savings'),('CST000000115920','2020-07-25 11:52:35.000000',1000,'CSM0000000044','merry-go-round'),('CST000000116220','2020-07-25 11:53:05.000000',200,'CSM0000000044','savings'),('CST000000116520','2020-08-01 11:53:31.000000',1000,'CSM0000000044','merry-go-round'),('CST000000116820','2020-08-01 11:54:12.000000',500,'CSM0000000044','savings'),('CST000000117120','2020-08-08 11:54:33.000000',1000,'CSM0000000044','merry-go-round'),('CST000000117420','2020-08-08 11:55:04.000000',300,'CSM0000000044','savings'),('CST000000117720','2020-08-15 11:55:41.000000',1000,'CSM0000000044','merry-go-round'),('CST000000118020','2020-08-15 11:56:03.000000',100,'CSM0000000044','savings'),('CST000000118320','2020-08-22 11:56:44.000000',1000,'CSM0000000044','merry-go-round'),('CST000000118620','2020-08-22 11:57:11.000000',200,'CSM0000000044','savings'),('CST000000118920','2020-06-20 11:57:39.000000',1000,'CSM0000000043','merry-go-round'),('CST000000119220','2020-06-27 12:01:02.000000',1000,'CSM0000000043','merry-go-round'),('CST000000119520','2020-06-27 12:03:11.000000',200,'CSM0000000043','savings'),('CST000000119820','2020-07-04 12:03:49.000000',1000,'CSM0000000043','merry-go-round'),('CST000000120120','2020-07-11 12:04:28.000000',1000,'CSM0000000043','merry-go-round'),('CST000000120420','2020-07-11 12:05:30.000000',100,'CSM0000000043','siri'),('CST000000120720','2020-07-18 12:05:50.000000',1000,'CSM0000000043','merry-go-round'),('CST000000121020','2020-07-18 12:06:12.000000',500,'CSM0000000043','savings'),('CST000000121320','2020-07-25 12:08:01.000000',1000,'CSM0000000043','merry-go-round'),('CST000000121620','2020-07-25 12:08:28.000000',200,'CSM0000000043','savings'),('CST000000121920','2020-08-01 12:09:01.000000',1000,'CSM0000000043','merry-go-round'),('CST000000122220','2020-08-01 12:09:17.000000',200,'CSM0000000043','savings'),('CST000000122520','2020-08-08 12:09:42.000000',1000,'CSM0000000043','merry-go-round'),('CST000000122820','2020-08-08 12:10:33.000000',200,'CSM0000000043','savings'),('CST000000123120','2020-08-08 12:10:52.000000',100,'CSM0000000043','siri'),('CST000000123420','2020-08-15 12:11:11.000000',1000,'CSM0000000043','merry-go-round'),('CST000000123720','2020-08-15 12:11:41.000000',300,'CSM0000000043','savings'),('CST000000124020','2020-08-22 12:12:12.000000',1000,'CSM0000000043','merry-go-round'),('CST000000124320','2020-06-20 12:16:49.000000',1000,'CSM0000000054','merry-go-round'),('CST000000124620','2020-06-20 12:17:22.000000',500,'CSM0000000054','savings'),('CST000000124920','2020-06-20 12:17:49.000000',100,'CSM0000000054','development'),('CST000000125220','2020-06-20 12:18:11.000000',100,'CSM0000000054','emergency'),('CST000000125520','2020-06-20 12:18:28.000000',100,'CSM0000000054','siri'),('CST000000125820','2020-06-27 12:18:50.000000',1000,'CSM0000000054','merry-go-round'),('CST000000126120','2020-06-27 12:19:34.000000',500,'CSM0000000054','savings'),('CST000000126420','2020-06-27 12:19:56.000000',100,'CSM0000000054','development'),('CST000000126720','2020-06-27 12:20:30.000000',100,'CSM0000000054','siri'),('CST000000127020','2020-07-04 12:21:03.000000',1000,'CSM0000000054','merry-go-round'),('CST000000127320','2020-07-04 12:21:53.000000',2500,'CSM0000000054','savings'),('CST000000127620','2020-07-04 12:22:27.000000',100,'CSM0000000054','development'),('CST000000127920','2020-07-04 12:23:00.000000',100,'CSM0000000054','emergency'),('CST000000128220','2020-07-04 12:23:15.000000',100,'CSM0000000054','siri'),('CST000000128520','2020-07-11 12:23:37.000000',1000,'CSM0000000054','merry-go-round'),('CST000000128820','2020-07-11 12:24:20.000000',2500,'CSM0000000054','savings'),('CST000000129120','2020-07-11 12:25:04.000000',100,'CSM0000000054','development'),('CST000000129420','2020-07-11 12:25:29.000000',100,'CSM0000000054','emergency'),('CST000000129720','2020-07-11 12:26:04.000000',100,'CSM0000000054','siri'),('CST000000130020','2020-07-18 12:26:27.000000',1000,'CSM0000000054','merry-go-round'),('CST000000130320','2020-07-18 12:27:21.000000',2000,'CSM0000000054','savings'),('CST000000130620','2020-07-18 12:27:38.000000',100,'CSM0000000054','development'),('CST000000130920','2020-07-18 12:28:22.000000',100,'CSM0000000054','emergency'),('CST000000131220','2020-07-18 12:28:41.000000',100,'CSM0000000054','siri'),('CST000000131520','2020-07-25 12:28:56.000000',1000,'CSM0000000054','merry-go-round'),('CST000000131820','2020-07-25 12:29:50.000000',1000,'CSM0000000054','savings'),('CST000000132120','2020-07-25 12:30:10.000000',100,'CSM0000000054','siri'),('CST000000132420','2020-08-01 12:30:35.000000',1000,'CSM0000000054','merry-go-round'),('CST000000132720','2020-08-01 12:31:01.000000',500,'CSM0000000054','savings'),('CST000000133020','2020-08-01 12:31:28.000000',100,'CSM0000000054','development'),('CST000000133320','2020-08-01 12:32:17.000000',100,'CSM0000000054','emergency'),('CST000000133620','2020-08-01 12:32:39.000000',100,'CSM0000000054','siri'),('CST000000133920','2020-08-08 12:32:55.000000',1000,'CSM0000000054','merry-go-round'),('CST000000134220','2020-08-08 12:33:21.000000',500,'CSM0000000054','savings'),('CST000000134520','2020-08-08 12:33:47.000000',100,'CSM0000000054','development'),('CST000000134820','2020-08-08 12:34:19.000000',100,'CSM0000000054','emergency'),('CST000000135120','2020-08-08 12:34:34.000000',100,'CSM0000000054','siri'),('CST000000135420','2020-08-22 12:34:53.000000',1000,'CSM0000000054','merry-go-round'),('CST000000135720','2020-08-22 12:36:52.000000',200,'CSM0000000054','siri'),('CST000000136220','2020-08-15 12:39:44.000000',1000,'CSM0000000054','merry-go-round'),('CST000000137120','2020-08-29 18:50:10.757398',1000,'CSM0000000035','merry-go-round'),('CST000000137420','2020-08-29 18:51:06.244175',100,'CSM0000000035','siri'),('CST000000137720','2020-08-29 18:51:42.578563',1000,'CSM0000000050','merry-go-round'),('CST000000138020','2020-08-29 18:52:55.492410',500,'CSM0000000050','savings'),('CST000000138320','2020-08-29 18:53:31.276221',100,'CSM0000000050','siri'),('CST000000138620','2020-08-29 18:57:17.426329',1000,'CSM0000000044','merry-go-round'),('CST000000138920','2020-08-29 19:00:15.576368',500,'CSM0000000044','savings'),('CST000000139220','2020-08-29 19:00:46.961010',200,'CSM0000000044','siri'),('CST000000139420','2020-08-29 09:36:51.000000',1000,'CSM0000000043','merry-go-round'),('CST000000139720','2020-08-29 09:39:54.000000',500,'CSM0000000043','savings'),('CST000000140020','2020-08-29 09:40:54.000000',100,'CSM0000000043','siri'),('CST000000140320','2020-08-29 09:41:09.000000',1000,'CSM0000000036','merry-go-round'),('CST000000140620','2020-08-29 09:43:22.000000',100,'CSM0000000036','siri'),('CST000000140920','2020-08-29 09:44:03.000000',1000,'CSM0000000053','merry-go-round'),('CST000000141220','2020-08-29 09:44:31.000000',1000,'CSM0000000054','merry-go-round'),('CST000000141520','2020-08-29 09:44:58.000000',1000,'CSM0000000054','savings'),('CST000000141820','2020-08-29 09:49:28.000000',100,'CSM0000000054','development'),('CST000000142120','2020-08-29 09:50:04.000000',100,'CSM0000000054','emergency'),('CST000000142420','2020-08-29 09:50:20.000000',100,'CSM0000000054','siri'),('CST000000142720','2020-08-29 09:50:36.000000',1000,'CSM0000000047','merry-go-round'),('CST000000143020','2020-08-29 09:51:47.000000',1000,'CSM0000000047','savings'),('CST000000143320','2020-08-29 09:52:08.000000',100,'CSM0000000047','development'),('CST000000143620','2020-08-29 09:52:21.000000',100,'CSM0000000047','emergency'),('CST000000143920','2020-08-29 09:52:34.000000',100,'CSM0000000047','siri'),('CST000000144220','2020-08-29 09:52:45.000000',1000,'CSM0000000051','merry-go-round'),('CST000000144520','2020-08-29 09:53:52.000000',1000,'CSM0000000051','savings'),('CST000000144820','2020-08-29 09:54:37.000000',300,'CSM0000000051','development'),('CST000000145120','2020-08-29 09:55:14.000000',200,'CSM0000000051','siri'),('CST000000145420','2020-08-29 09:57:03.000000',1000,'CSM0000000059','merry-go-round'),('CST000000145720','2020-08-29 09:58:27.000000',200,'CSM0000000059','siri'),('CST000000146020','2020-08-29 09:58:51.000000',200,'CSM0000000052','siri'),('CST000000146320','2020-08-29 10:02:50.000000',1000,'CSM0000000037','merry-go-round'),('CST000000146620','2020-08-29 10:04:13.000000',100,'CSM0000000037','savings'),('CST000000146920','2020-08-29 10:04:32.000000',100,'CSM0000000037','siri'),('CST000000147220','2020-08-29 10:04:52.000000',500,'CSM0000000056','merry-go-round'),('CST000000147520','2020-08-29 10:05:40.000000',40,'CSM0000000042','savings'),('CST000000147820','2020-08-29 10:06:52.000000',1000,'CSM0000000042','merry-go-round'),('CST000000148120','2020-08-29 10:07:21.000000',100,'CSM0000000042','siri'),('CST000000148420','2020-08-29 10:07:37.000000',1000,'CSM0000000058','merry-go-round'),('CST000000148720','2020-08-29 10:08:29.000000',300,'CSM0000000058','savings'),('CST000000149020','2020-08-29 10:09:01.000000',100,'CSM0000000058','development'),('CST000000149320','2020-08-29 10:09:26.000000',100,'CSM0000000058','emergency'),('CST000000149620','2020-08-29 10:10:06.000000',100,'CSM0000000058','siri'),('CST000000149920','2020-08-29 10:10:30.000000',1000,'CSM0000000061','merry-go-round'),('CST000000150220','2020-08-29 10:11:28.000000',400,'CSM0000000061','savings'),('CST000000150520','2020-08-29 10:11:48.000000',100,'CSM0000000061','siri'),('CST000000150820','2020-08-29 10:12:29.000000',150,'CSM0000000038','savings'),('CST000000151120','2020-08-29 10:12:44.000000',1000,'CSM0000000055','merry-go-round'),('CST000000151420','2020-08-29 10:13:59.000000',400,'CSM0000000055','savings'),('CST000000151720','2020-08-29 10:14:15.000000',100,'CSM0000000055','siri'),('CST000000152020','2020-08-29 10:14:28.000000',1000,'CSM0000000057','merry-go-round'),('CST000000152320','2020-08-29 10:15:59.000000',1500,'CSM0000000046','merry-go-round'),('CST000000152620','2020-08-29 10:16:59.000000',500,'CSM0000000046','savings'),('CST000000152920','2020-08-29 10:17:41.000000',200,'CSM0000000046','development'),('CST000000153220','2020-08-29 10:18:08.000000',200,'CSM0000000046','emergency'),('CST000000153520','2020-08-29 10:18:23.000000',100,'CSM0000000046','siri'),('CST000000153820','2020-08-29 10:18:41.000000',300,'CSM0000000041','savings');
/*!40000 ALTER TABLE `dashboard_transactions` ENABLE KEYS */;
UNLOCK TABLES;

--
-- Table structure for table `dashboard_transactiontypes`
--

DROP TABLE IF EXISTS `dashboard_transactiontypes`;
/*!40101 SET @saved_cs_client     = @@character_set_client */;
/*!50503 SET character_set_client = utf8mb4 */;
CREATE TABLE `dashboard_transactiontypes` (
  `transactionType` varchar(30) NOT NULL,
  PRIMARY KEY (`transactionType`)
) ENGINE=InnoDB DEFAULT CHARSET=utf8mb4 COLLATE=utf8mb4_0900_ai_ci;
/*!40101 SET character_set_client = @saved_cs_client */;

--
-- Dumping data for table `dashboard_transactiontypes`
--

LOCK TABLES `dashboard_transactiontypes` WRITE;
/*!40000 ALTER TABLE `dashboard_transactiontypes` DISABLE KEYS */;
INSERT INTO `dashboard_transactiontypes` VALUES ('development'),('emergency'),('fine'),('merry-go-round'),('savings'),('siri'),('withdrawal');
/*!40000 ALTER TABLE `dashboard_transactiontypes` ENABLE KEYS */;
UNLOCK TABLES;

--
-- Table structure for table `django_admin_log`
--

DROP TABLE IF EXISTS `django_admin_log`;
/*!40101 SET @saved_cs_client     = @@character_set_client */;
/*!50503 SET character_set_client = utf8mb4 */;
CREATE TABLE `django_admin_log` (
  `id` int NOT NULL AUTO_INCREMENT,
  `action_time` datetime(6) NOT NULL,
  `object_id` longtext,
  `object_repr` varchar(200) NOT NULL,
  `action_flag` smallint unsigned NOT NULL,
  `change_message` longtext NOT NULL,
  `content_type_id` int DEFAULT NULL,
  `user_id` int NOT NULL,
  PRIMARY KEY (`id`),
  KEY `django_admin_log_content_type_id_c4bce8eb_fk_django_co` (`content_type_id`),
  KEY `django_admin_log_user_id_c564eba6_fk_auth_user_id` (`user_id`),
  CONSTRAINT `django_admin_log_content_type_id_c4bce8eb_fk_django_co` FOREIGN KEY (`content_type_id`) REFERENCES `django_content_type` (`id`),
  CONSTRAINT `django_admin_log_user_id_c564eba6_fk_auth_user_id` FOREIGN KEY (`user_id`) REFERENCES `auth_user` (`id`),
  CONSTRAINT `django_admin_log_chk_1` CHECK ((`action_flag` >= 0))
) ENGINE=InnoDB AUTO_INCREMENT=639 DEFAULT CHARSET=utf8mb4 COLLATE=utf8mb4_0900_ai_ci;
/*!40101 SET character_set_client = @saved_cs_client */;

--
-- Dumping data for table `django_admin_log`
--

LOCK TABLES `django_admin_log` WRITE;
/*!40000 ALTER TABLE `django_admin_log` DISABLE KEYS */;
INSERT INTO `django_admin_log` VALUES (1,'2020-08-12 00:03:16.240344','11','00001111',3,'',4,1),(2,'2020-08-12 00:03:16.248881','12','11110000',3,'',4,1),(3,'2020-08-12 00:03:16.254431','15','11110300',3,'',4,1),(4,'2020-08-12 00:03:16.322641','23','526273846282',3,'',4,1),(5,'2020-08-12 00:03:16.330010','16','Salehudeen',3,'',4,1),(6,'2020-08-14 11:35:18.507894','CST000000006420','CST000000006420',3,'',12,1),(7,'2020-08-14 11:35:26.989267','CST000000006120','CST000000006120',3,'',12,1),(8,'2020-08-18 20:04:54.867791','CSM0000000017','Kim K',3,'',7,1),(9,'2020-08-22 10:39:20.062113','40','0743579802',3,'',4,1),(10,'2020-08-22 10:39:20.067914','48','0790625004',3,'',4,1),(11,'2020-08-22 10:44:17.367934','4','0722222222',3,'',4,1),(12,'2020-08-22 10:50:25.384702','2','0726916113',3,'',4,1),(13,'2020-08-22 10:56:30.060941','CSS0000000089','CSS0000000089',2,'[{\"changed\": {\"fields\": [\"EndDate\"]}}]',13,1),(14,'2020-08-22 20:04:56.144482','19','0700770134',3,'',4,1),(15,'2020-08-22 20:04:56.155683','45','0708436487',3,'',4,1),(16,'2020-08-22 20:04:56.162382','10','0711846174',3,'',4,1),(17,'2020-08-22 20:04:56.173775','5','0733333333',3,'',4,1),(18,'2020-08-22 20:04:56.181392','9','0744444444',3,'',4,1),(19,'2020-08-22 20:05:38.492161','44','0742560339',3,'',4,1),(20,'2020-08-22 20:06:28.406544','41','0706196131',3,'',4,1),(21,'2020-08-22 20:06:28.431772','35','0789634578',3,'',4,1),(22,'2020-08-22 20:10:21.013309','21','0700770133',3,'',4,1),(23,'2020-08-22 20:10:21.027172','8','0712345678',3,'',4,1),(24,'2020-08-22 20:10:21.037001','27','0719234512',3,'',4,1),(25,'2020-08-22 20:10:21.046094','37','0725489631',3,'',4,1),(26,'2020-08-22 20:10:21.068738','42','0727700371',3,'',4,1),(27,'2020-08-22 20:10:21.075050','33','0732135617',3,'',4,1),(28,'2020-08-22 20:10:21.081522','22','0736284729',3,'',4,1),(29,'2020-08-22 20:10:21.090437','38','0745693852',3,'',4,1),(30,'2020-08-22 20:10:21.101233','18','07462819345',3,'',4,1),(31,'2020-08-22 20:10:21.108238','17','0746728099',3,'',4,1),(32,'2020-08-22 20:10:21.115548','31','0754378213',3,'',4,1),(33,'2020-08-22 20:10:21.124500','47','0756789012',3,'',4,1),(34,'2020-08-22 20:10:21.132060','39','0756986354',3,'',4,1),(35,'2020-08-22 20:10:21.143945','32','0765432145',3,'',4,1),(36,'2020-08-22 20:10:21.152963','24','0766666666',3,'',4,1),(37,'2020-08-22 20:10:21.159899','7','0767895432',3,'',4,1),(38,'2020-08-22 20:10:21.167859','28','0777777777',3,'',4,1),(39,'2020-08-22 20:10:21.179604','34','0788732456',3,'',4,1),(40,'2020-08-22 20:10:21.189158','29','0788888888',3,'',4,1),(41,'2020-08-22 20:10:21.196839','6','0798380239',3,'',4,1),(42,'2020-08-22 20:13:32.275728','3','0711111111',3,'',4,1),(43,'2020-08-22 20:15:10.347950','43','0711565475',3,'',4,1),(44,'2020-08-22 20:15:10.359249','36','0745698523',3,'',4,1),(45,'2020-08-22 22:12:48.556732','CST000000000320','CST000000000320',1,'[{\"added\": {}}]',12,1),(46,'2020-08-22 22:15:29.435708','CST000000000620','CST000000000620',1,'[{\"added\": {}}]',12,1),(47,'2020-08-22 22:17:49.924556','CST000000000920','CST000000000920',1,'[{\"added\": {}}]',12,1),(48,'2020-08-22 22:19:07.296147','CST000000001220','CST000000001220',1,'[{\"added\": {}}]',12,1),(49,'2020-08-22 22:21:22.939938','CST000000001520','CST000000001520',1,'[{\"added\": {}}]',12,1),(50,'2020-08-22 22:21:56.879841','CST000000001820','CST000000001820',1,'[{\"added\": {}}]',12,1),(51,'2020-08-22 22:25:58.976274','CST000000002120','CST000000002120',1,'[{\"added\": {}}]',12,1),(52,'2020-08-22 22:26:23.978476','CST000000002420','CST000000002420',1,'[{\"added\": {}}]',12,1),(53,'2020-08-22 22:30:21.065711','CST000000002720','CST000000002720',1,'[{\"added\": {}}]',12,1),(54,'2020-08-22 22:31:41.462151','CST000000003020','CST000000003020',1,'[{\"added\": {}}]',12,1),(55,'2020-08-22 22:33:22.503074','CST000000003320','CST000000003320',1,'[{\"added\": {}}]',12,1),(56,'2020-08-22 22:34:28.653092','CST000000003620','CST000000003620',1,'[{\"added\": {}}]',12,1),(57,'2020-08-22 22:34:52.884802','CST000000003920','CST000000003920',1,'[{\"added\": {}}]',12,1),(58,'2020-08-22 22:36:38.469264','CST000000004220','CST000000004220',1,'[{\"added\": {}}]',12,1),(59,'2020-08-22 22:36:58.739543','CST000000004520','CST000000004520',1,'[{\"added\": {}}]',12,1),(60,'2020-08-22 22:39:47.405499','CST000000004820','CST000000004820',1,'[{\"added\": {}}]',12,1),(61,'2020-08-22 22:40:12.837666','CST000000005120','CST000000005120',1,'[{\"added\": {}}]',12,1),(62,'2020-08-22 22:41:34.813585','CST000000005620','CST000000005620',1,'[{\"added\": {}}]',12,1),(63,'2020-08-22 22:42:06.373957','CST000000005920','CST000000005920',1,'[{\"added\": {}}]',12,1),(64,'2020-08-22 22:42:39.769825','CST000000006220','CST000000006220',1,'[{\"added\": {}}]',12,1),(65,'2020-08-22 22:47:41.363871','CST000000006520','CST000000006520',1,'[{\"added\": {}}]',12,1),(66,'2020-08-22 22:49:38.270032','CST000000006820','CST000000006820',1,'[{\"added\": {}}]',12,1),(67,'2020-08-22 22:50:35.601576','CST000000007120','CST000000007120',1,'[{\"added\": {}}]',12,1),(68,'2020-08-22 22:51:24.114129','CST000000007420','CST000000007420',1,'[{\"added\": {}}]',12,1),(69,'2020-08-22 22:52:08.970231','CST000000007720','CST000000007720',1,'[{\"added\": {}}]',12,1),(70,'2020-08-22 22:52:36.671626','CST000000008020','CST000000008020',1,'[{\"added\": {}}]',12,1),(71,'2020-08-22 22:53:47.242987','CST000000008320','CST000000008320',1,'[{\"added\": {}}]',12,1),(72,'2020-08-22 22:58:15.457697','CST000000008620','CST000000008620',1,'[{\"added\": {}}]',12,1),(73,'2020-08-22 22:58:39.685784','CST000000008920','CST000000008920',1,'[{\"added\": {}}]',12,1),(74,'2020-08-22 22:59:40.145842','CST000000009220','CST000000009220',1,'[{\"added\": {}}]',12,1),(75,'2020-08-22 23:00:27.005866','CST000000009520','CST000000009520',1,'[{\"added\": {}}]',12,1),(76,'2020-08-24 17:16:45.422902','CST000000009820','CST000000009820',1,'[{\"added\": {}}]',12,1),(77,'2020-08-24 17:17:26.831163','CST000000010120','CST000000010120',1,'[{\"added\": {}}]',12,1),(78,'2020-08-24 17:18:01.129786','CST000000010420','CST000000010420',1,'[{\"added\": {}}]',12,1),(79,'2020-08-24 17:19:11.749543','CST000000010720','CST000000010720',1,'[{\"added\": {}}]',12,1),(80,'2020-08-24 19:19:14.660057','CST000000011020','CST000000011020',1,'[{\"added\": {}}]',12,1),(81,'2020-08-24 19:19:46.150502','CST000000011320','CST000000011320',1,'[{\"added\": {}}]',12,1),(82,'2020-08-24 19:21:07.405577','CST000000011620','CST000000011620',1,'[{\"added\": {}}]',12,1),(83,'2020-08-24 19:23:14.960379','CST000000011920','CST000000011920',1,'[{\"added\": {}}]',12,1),(84,'2020-08-24 19:23:44.491842','CST000000012220','CST000000012220',1,'[{\"added\": {}}]',12,1),(85,'2020-08-24 19:24:17.652446','CST000000012520','CST000000012520',1,'[{\"added\": {}}]',12,1),(86,'2020-08-24 19:25:34.507485','CST000000012820','CST000000012820',1,'[{\"added\": {}}]',12,1),(87,'2020-08-24 19:26:01.405193','CST000000013120','CST000000013120',1,'[{\"added\": {}}]',12,1),(88,'2020-08-24 19:26:46.541306','CST000000013420','CST000000013420',1,'[{\"added\": {}}]',12,1),(89,'2020-08-24 19:27:50.902426','CST000000013720','CST000000013720',1,'[{\"added\": {}}]',12,1),(90,'2020-08-24 19:28:11.571971','CST000000014020','CST000000014020',1,'[{\"added\": {}}]',12,1),(91,'2020-08-24 19:28:27.106093','CST000000014320','CST000000014320',1,'[{\"added\": {}}]',12,1),(92,'2020-08-24 19:51:54.181866','CST000000014620','CST000000014620',1,'[{\"added\": {}}]',12,1),(93,'2020-08-24 19:52:25.967902','CST000000014920','CST000000014920',1,'[{\"added\": {}}]',12,1),(94,'2020-08-24 19:53:21.933509','CST000000015220','CST000000015220',1,'[{\"added\": {}}]',12,1),(95,'2020-08-24 19:55:32.173974','CST000000015520','CST000000015520',1,'[{\"added\": {}}]',12,1),(96,'2020-08-24 19:56:29.527625','CST000000015820','CST000000015820',1,'[{\"added\": {}}]',12,1),(97,'2020-08-24 19:58:31.452113','CST000000016120','CST000000016120',1,'[{\"added\": {}}]',12,1),(98,'2020-08-24 19:59:06.076669','CST000000016420','CST000000016420',1,'[{\"added\": {}}]',12,1),(99,'2020-08-24 19:59:34.517754','CST000000016720','CST000000016720',1,'[{\"added\": {}}]',12,1),(100,'2020-08-24 20:06:57.872257','CST000000017020','CST000000017020',1,'[{\"added\": {}}]',12,1),(101,'2020-08-24 20:09:12.351575','CST000000017320','CST000000017320',1,'[{\"added\": {}}]',12,1),(102,'2020-08-24 20:09:53.809844','CST000000017620','CST000000017620',1,'[{\"added\": {}}]',12,1),(103,'2020-08-24 20:10:20.379201','CST000000017920','CST000000017920',1,'[{\"added\": {}}]',12,1),(104,'2020-08-24 20:11:15.891430','CST000000018220','CST000000018220',1,'[{\"added\": {}}]',12,1),(105,'2020-08-24 20:11:33.330739','CST000000018520','CST000000018520',1,'[{\"added\": {}}]',12,1),(106,'2020-08-25 13:15:25.170831','CST000000000220','CST000000000220',1,'[{\"added\": {}}]',12,1),(107,'2020-08-25 13:17:57.795641','CST000000001020','CST000000001020',1,'[{\"added\": {}}]',12,1),(108,'2020-08-25 13:23:47.445720','CST000000001320','CST000000001320',1,'[{\"added\": {}}]',12,1),(109,'2020-08-25 13:24:50.338394','CST000000001620','CST000000001620',1,'[{\"added\": {}}]',12,1),(110,'2020-08-25 13:29:10.383527','CST000000001920','CST000000001920',1,'[{\"added\": {}}]',12,1),(111,'2020-08-25 13:30:11.746260','CST000000002220','CST000000002220',1,'[{\"added\": {}}]',12,1),(112,'2020-08-25 13:31:11.613092','CST000000002520','CST000000002520',1,'[{\"added\": {}}]',12,1),(113,'2020-08-25 13:32:12.648421','CST000000002820','CST000000002820',1,'[{\"added\": {}}]',12,1),(114,'2020-08-25 13:33:17.924079','CST000000003120','CST000000003120',1,'[{\"added\": {}}]',12,1),(115,'2020-08-25 13:34:06.778510','CST000000003420','CST000000003420',1,'[{\"added\": {}}]',12,1),(116,'2020-08-25 13:35:56.408097','CST000000003720','CST000000003720',1,'[{\"added\": {}}]',12,1),(117,'2020-08-25 13:36:42.912372','CST000000004020','CST000000004020',1,'[{\"added\": {}}]',12,1),(118,'2020-08-25 13:37:23.751039','CST000000004320','CST000000004320',1,'[{\"added\": {}}]',12,1),(119,'2020-08-25 13:38:09.020370','CST000000004620','CST000000004620',1,'[{\"added\": {}}]',12,1),(120,'2020-08-25 13:59:10.732018','CST000000005220','CST000000005220',1,'[{\"added\": {}}]',12,1),(121,'2020-08-25 14:00:52.944167','CST000000005720','CST000000005720',1,'[{\"added\": {}}]',12,1),(122,'2020-08-25 14:02:30.493988','CST000000006120','CST000000006120',1,'[{\"added\": {}}]',12,1),(123,'2020-08-25 14:04:07.096328','CST000000006320','CST000000006320',1,'[{\"added\": {}}]',12,1),(124,'2020-08-25 14:04:18.195389','CST000000006620','CST000000006620',1,'[{\"added\": {}}]',12,1),(125,'2020-08-25 14:05:37.556622','CST000000007220','CST000000007220',1,'[{\"added\": {}}]',12,1),(126,'2020-08-25 14:05:59.856478','CST000000006920','CST000000006920',1,'[{\"added\": {}}]',12,1),(127,'2020-08-25 14:07:23.180915','CST000000007520','CST000000007520',1,'[{\"added\": {}}]',12,1),(128,'2020-08-25 14:11:03.707027','CST000000008120','CST000000008120',1,'[{\"added\": {}}]',12,1),(129,'2020-08-25 14:11:05.692793','CST000000007820','CST000000007820',1,'[{\"added\": {}}]',12,1),(130,'2020-08-25 14:13:10.704019','CST000000008420','CST000000008420',1,'[{\"added\": {}}]',12,1),(131,'2020-08-25 14:14:11.681068','CST000000008720','CST000000008720',1,'[{\"added\": {}}]',12,1),(132,'2020-08-25 14:14:39.043577','CST000000009020','CST000000009020',1,'[{\"added\": {}}]',12,1),(133,'2020-08-25 14:15:28.407814','CST000000009620','CST000000009620',1,'[{\"added\": {}}]',12,1),(134,'2020-08-25 14:16:19.728717','CST000000009920','CST000000009920',1,'[{\"added\": {}}]',12,1),(135,'2020-08-25 14:17:16.136715','CST000000009320','CST000000009320',1,'[{\"added\": {}}]',12,1),(136,'2020-08-25 14:17:36.805853','CST000000010520','CST000000010520',1,'[{\"added\": {}}]',12,1),(137,'2020-08-25 14:17:58.894628','CST000000010220','CST000000010220',1,'[{\"added\": {}}]',12,1),(138,'2020-08-25 14:18:56.388745','CST000000010820','CST000000010820',1,'[{\"added\": {}}]',12,1),(139,'2020-08-25 14:19:02.407171','CST000000011120','CST000000011120',1,'[{\"added\": {}}]',12,1),(140,'2020-08-25 14:19:36.383692','CST000000011720','CST000000011720',1,'[{\"added\": {}}]',12,1),(141,'2020-08-25 14:21:10.355199','CST000000011420','CST000000011420',1,'[{\"added\": {}}]',12,1),(142,'2020-08-25 14:21:47.645823','CST000000012320','CST000000012320',1,'[{\"added\": {}}]',12,1),(143,'2020-08-25 14:21:55.492220','CST000000012020','CST000000012020',1,'[{\"added\": {}}]',12,1),(144,'2020-08-25 14:23:57.308490','CST000000012620','CST000000012620',1,'[{\"added\": {}}]',12,1),(145,'2020-08-25 14:24:13.150361','CST000000012920','CST000000012920',1,'[{\"added\": {}}]',12,1),(146,'2020-08-25 14:26:29.492875','CST000000013520','CST000000013520',1,'[{\"added\": {}}]',12,1),(147,'2020-08-25 14:27:17.788673','CST000000013820','CST000000013820',1,'[{\"added\": {}}]',12,1),(148,'2020-08-25 14:29:14.652138','CST000000014120','CST000000014120',1,'[{\"added\": {}}]',12,1),(149,'2020-08-25 14:30:01.374552','CST000000014420','CST000000014420',1,'[{\"added\": {}}]',12,1),(150,'2020-08-25 14:31:12.235810','CST000000014720','CST000000014720',1,'[{\"added\": {}}]',12,1),(151,'2020-08-25 14:32:03.306574','CST000000015020','CST000000015020',1,'[{\"added\": {}}]',12,1),(152,'2020-08-25 14:33:21.881711','CST000000013220','CST000000013220',1,'[{\"added\": {}}]',12,1),(153,'2020-08-25 14:35:18.670323','CST000000015620','CST000000015620',1,'[{\"added\": {}}]',12,1),(154,'2020-08-25 14:36:41.436565','CST000000015920','CST000000015920',1,'[{\"added\": {}}]',12,1),(155,'2020-08-25 14:43:24.968654','CST000000015320','CST000000015320',1,'[{\"added\": {}}]',12,1),(156,'2020-08-25 14:45:18.084156','CST000000016320','CST000000016320',1,'[{\"added\": {}}]',12,1),(157,'2020-08-25 14:48:06.090255','CST000000016620','CST000000016620',1,'[{\"added\": {}}]',12,1),(158,'2020-08-25 14:48:46.344150','CST000000016920','CST000000016920',1,'[{\"added\": {}}]',12,1),(159,'2020-08-25 14:49:35.868524','CST000000017220','CST000000017220',1,'[{\"added\": {}}]',12,1),(160,'2020-08-25 14:52:08.534329','CST000000014420','CST000000014420',2,'[{\"changed\": {\"fields\": [\"TransactionDate\"]}}]',12,1),(161,'2020-08-25 14:56:23.744555','CST000000017520','CST000000017520',1,'[{\"added\": {}}]',12,1),(162,'2020-08-25 14:57:35.060729','CST000000017820','CST000000017820',1,'[{\"added\": {}}]',12,1),(163,'2020-08-25 14:58:29.318718','CST000000018120','CST000000018120',1,'[{\"added\": {}}]',12,1),(164,'2020-08-25 14:59:45.707735','CST000000018420','CST000000018420',1,'[{\"added\": {}}]',12,1),(165,'2020-08-25 15:02:23.036368','CST000000018720','CST000000018720',1,'[{\"added\": {}}]',12,1),(166,'2020-08-25 15:04:20.715578','CST000000019020','CST000000019020',1,'[{\"added\": {}}]',12,1),(167,'2020-08-25 15:04:52.500493','CST000000018720','CST000000018720',2,'[{\"changed\": {\"fields\": [\"TransactionDate\"]}}]',12,1),(168,'2020-08-25 15:06:03.120467','CST000000019320','CST000000019320',1,'[{\"added\": {}}]',12,1),(169,'2020-08-25 15:07:04.873266','CST000000019620','CST000000019620',1,'[{\"added\": {}}]',12,1),(170,'2020-08-25 15:07:41.053392','CST000000019920','CST000000019920',1,'[{\"added\": {}}]',12,1),(171,'2020-08-25 15:25:19.455235','CST000000020420','CST000000020420',1,'[{\"added\": {}}]',12,1),(172,'2020-08-25 15:25:50.249285','CST000000020720','CST000000020720',1,'[{\"added\": {}}]',12,1),(173,'2020-08-25 15:26:41.368400','CST000000021020','CST000000021020',1,'[{\"added\": {}}]',12,1),(174,'2020-08-25 15:27:20.756359','CST000000021320','CST000000021320',1,'[{\"added\": {}}]',12,1),(175,'2020-08-25 15:28:02.893595','CST000000021620','CST000000021620',1,'[{\"added\": {}}]',12,1),(176,'2020-08-25 15:28:44.955540','CST000000021920','CST000000021920',1,'[{\"added\": {}}]',12,1),(177,'2020-08-25 15:29:14.694013','CST000000022220','CST000000022220',1,'[{\"added\": {}}]',12,1),(178,'2020-08-25 15:30:31.594581','CST000000022520','CST000000022520',1,'[{\"added\": {}}]',12,1),(179,'2020-08-25 15:31:51.744245','CST000000022820','CST000000022820',1,'[{\"added\": {}}]',12,1),(180,'2020-08-25 15:32:24.226997','CST000000023120','CST000000023120',1,'[{\"added\": {}}]',12,1),(181,'2020-08-25 15:33:53.863265','CST000000023420','CST000000023420',1,'[{\"added\": {}}]',12,1),(182,'2020-08-25 15:34:15.396494','CST000000023720','CST000000023720',1,'[{\"added\": {}}]',12,1),(183,'2020-08-25 15:35:03.732483','CST000000024020','CST000000024020',1,'[{\"added\": {}}]',12,1),(184,'2020-08-25 15:36:09.629337','CST000000024320','CST000000024320',1,'[{\"added\": {}}]',12,1),(185,'2020-08-25 15:36:39.078938','CST000000024620','CST000000024620',1,'[{\"added\": {}}]',12,1),(186,'2020-08-25 15:38:20.932323','CST000000024920','CST000000024920',1,'[{\"added\": {}}]',12,1),(187,'2020-08-25 15:39:31.380236','CST000000025220','CST000000025220',1,'[{\"added\": {}}]',12,1),(188,'2020-08-25 15:40:09.206684','CST000000025520','CST000000025520',1,'[{\"added\": {}}]',12,1),(189,'2020-08-25 15:41:04.176368','CST000000025820','CST000000025820',1,'[{\"added\": {}}]',12,1),(190,'2020-08-25 15:41:42.923340','CST000000026120','CST000000026120',1,'[{\"added\": {}}]',12,1),(191,'2020-08-25 15:42:49.473559','CST000000026420','CST000000026420',1,'[{\"added\": {}}]',12,1),(192,'2020-08-25 15:43:19.873256','CST000000026720','CST000000026720',1,'[{\"added\": {}}]',12,1),(193,'2020-08-25 15:43:45.464144','CST000000027020','CST000000027020',1,'[{\"added\": {}}]',12,1),(194,'2020-08-25 15:44:10.398565','CST000000027320','CST000000027320',1,'[{\"added\": {}}]',12,1),(195,'2020-08-25 15:44:31.458445','CST000000027620','CST000000027620',1,'[{\"added\": {}}]',12,1),(196,'2020-08-25 15:45:51.977741','CST000000027920','CST000000027920',1,'[{\"added\": {}}]',12,1),(197,'2020-08-25 15:46:41.902667','CST000000028220','CST000000028220',1,'[{\"added\": {}}]',12,1),(198,'2020-08-25 15:47:33.793517','CST000000028520','CST000000028520',1,'[{\"added\": {}}]',12,1),(199,'2020-08-25 15:47:54.812313','CST000000028820','CST000000028820',1,'[{\"added\": {}}]',12,1),(200,'2020-08-25 15:48:38.541533','CST000000029120','CST000000029120',1,'[{\"added\": {}}]',12,1),(201,'2020-08-25 15:49:29.080248','CST000000029420','CST000000029420',1,'[{\"added\": {}}]',12,1),(202,'2020-08-25 15:49:50.576161','CST000000029720','CST000000029720',1,'[{\"added\": {}}]',12,1),(203,'2020-08-25 15:51:44.486383','CST000000030020','CST000000030020',1,'[{\"added\": {}}]',12,1),(204,'2020-08-25 15:51:58.084285','CST000000029720','CST000000029720',2,'[{\"changed\": {\"fields\": [\"TransactionDate\"]}}]',12,1),(205,'2020-08-25 15:52:10.217693','CST000000030320','CST000000030320',1,'[{\"added\": {}}]',12,1),(206,'2020-08-25 15:52:13.984977','CST000000029420','CST000000029420',2,'[{\"changed\": {\"fields\": [\"TransactionDate\"]}}]',12,1),(207,'2020-08-25 15:53:08.348865','CST000000030620','CST000000030620',1,'[{\"added\": {}}]',12,1),(208,'2020-08-25 15:54:09.697659','CST000000030920','CST000000030920',1,'[{\"added\": {}}]',12,1),(209,'2020-08-25 15:54:39.094366','CST000000031220','CST000000031220',1,'[{\"added\": {}}]',12,1),(210,'2020-08-25 15:55:02.338819','CST000000031520','CST000000031520',1,'[{\"added\": {}}]',12,1),(211,'2020-08-25 15:55:26.704473','CST000000031820','CST000000031820',1,'[{\"added\": {}}]',12,1),(212,'2020-08-25 15:56:04.897771','CST000000032120','CST000000032120',1,'[{\"added\": {}}]',12,1),(213,'2020-08-25 15:58:45.459096','CST000000032420','CST000000032420',1,'[{\"added\": {}}]',12,1),(214,'2020-08-25 15:59:18.200458','CST000000032720','CST000000032720',1,'[{\"added\": {}}]',12,1),(215,'2020-08-25 16:00:09.247398','CST000000033020','CST000000033020',1,'[{\"added\": {}}]',12,1),(216,'2020-08-25 16:00:44.252352','CST000000033320','CST000000033320',1,'[{\"added\": {}}]',12,1),(217,'2020-08-25 16:01:15.807268','CST000000033620','CST000000033620',1,'[{\"added\": {}}]',12,1),(218,'2020-08-25 16:01:49.322830','CST000000033920','CST000000033920',1,'[{\"added\": {}}]',12,1),(219,'2020-08-25 16:02:16.415403','CST000000034220','CST000000034220',1,'[{\"added\": {}}]',12,1),(220,'2020-08-25 16:06:07.777851','CST000000034520','CST000000034520',1,'[{\"added\": {}}]',12,1),(221,'2020-08-25 16:06:25.490414','CST000000034820','CST000000034820',1,'[{\"added\": {}}]',12,1),(222,'2020-08-25 16:06:51.812374','CST000000035120','CST000000035120',1,'[{\"added\": {}}]',12,1),(223,'2020-08-25 16:07:12.485429','CST000000035420','CST000000035420',1,'[{\"added\": {}}]',12,1),(224,'2020-08-25 16:07:46.024584','CST000000035720','CST000000035720',1,'[{\"added\": {}}]',12,1),(225,'2020-08-25 16:08:15.533821','CST000000036020','CST000000036020',1,'[{\"added\": {}}]',12,1),(226,'2020-08-25 16:08:38.276179','CST000000036320','CST000000036320',1,'[{\"added\": {}}]',12,1),(227,'2020-08-25 16:08:53.148287','CST000000036620','CST000000036620',1,'[{\"added\": {}}]',12,1),(228,'2020-08-25 16:09:21.048592','CST000000036920','CST000000036920',1,'[{\"added\": {}}]',12,1),(229,'2020-08-25 16:10:05.984656','CST000000037220','CST000000037220',1,'[{\"added\": {}}]',12,1),(230,'2020-08-25 16:10:30.024470','CST000000037520','CST000000037520',1,'[{\"added\": {}}]',12,1),(231,'2020-08-25 16:11:04.392142','CST000000037820','CST000000037820',1,'[{\"added\": {}}]',12,1),(232,'2020-08-25 16:11:35.533782','CST000000038120','CST000000038120',1,'[{\"added\": {}}]',12,1),(233,'2020-08-25 16:12:06.399817','CST000000038420','CST000000038420',1,'[{\"added\": {}}]',12,1),(234,'2020-08-25 16:12:32.332543','CST000000038720','CST000000038720',1,'[{\"added\": {}}]',12,1),(235,'2020-08-25 16:12:53.451162','CST000000039020','CST000000039020',1,'[{\"added\": {}}]',12,1),(236,'2020-08-25 16:13:16.252378','CST000000039320','CST000000039320',1,'[{\"added\": {}}]',12,1),(237,'2020-08-25 16:13:44.847946','CST000000039620','CST000000039620',1,'[{\"added\": {}}]',12,1),(238,'2020-08-25 16:24:00.289286','CST000000039920','CST000000039920',1,'[{\"added\": {}}]',12,1),(239,'2020-08-25 16:24:34.094011','CST000000040220','CST000000040220',1,'[{\"added\": {}}]',12,1),(240,'2020-08-25 16:25:16.212536','CST000000040520','CST000000040520',1,'[{\"added\": {}}]',12,1),(241,'2020-08-25 16:25:43.485002','CST000000040820','CST000000040820',1,'[{\"added\": {}}]',12,1),(242,'2020-08-25 16:26:13.601719','CST000000041120','CST000000041120',1,'[{\"added\": {}}]',12,1),(243,'2020-08-25 16:27:36.333735','CST000000041420','CST000000041420',1,'[{\"added\": {}}]',12,1),(244,'2020-08-25 16:28:08.556601','CST000000041720','CST000000041720',1,'[{\"added\": {}}]',12,1),(245,'2020-08-25 16:28:45.759144','CST000000042020','CST000000042020',1,'[{\"added\": {}}]',12,1),(246,'2020-08-25 16:29:44.272149','CST000000042520','CST000000042520',1,'[{\"added\": {}}]',12,1),(247,'2020-08-25 16:30:09.496089','CST000000042820','CST000000042820',1,'[{\"added\": {}}]',12,1),(248,'2020-08-25 16:31:28.324606','CST000000043120','CST000000043120',1,'[{\"added\": {}}]',12,1),(249,'2020-08-25 16:32:24.576225','CST000000043420','CST000000043420',1,'[{\"added\": {}}]',12,1),(250,'2020-08-25 16:32:51.326088','CST000000043720','CST000000043720',1,'[{\"added\": {}}]',12,1),(251,'2020-08-25 16:33:30.905297','CST000000044020','CST000000044020',1,'[{\"added\": {}}]',12,1),(252,'2020-08-25 16:33:59.883322','CST000000044320','CST000000044320',1,'[{\"added\": {}}]',12,1),(253,'2020-08-25 16:34:34.495237','CST000000044620','CST000000044620',1,'[{\"added\": {}}]',12,1),(254,'2020-08-25 16:34:59.304082','CST000000044920','CST000000044920',1,'[{\"added\": {}}]',12,1),(255,'2020-08-25 16:36:14.294576','CST000000045220','CST000000045220',1,'[{\"added\": {}}]',12,1),(256,'2020-08-25 16:36:58.101295','CST000000045520','CST000000045520',1,'[{\"added\": {}}]',12,1),(257,'2020-08-25 16:38:02.480648','CST000000045820','CST000000045820',1,'[{\"added\": {}}]',12,1),(258,'2020-08-25 16:38:35.144036','CST000000046120','CST000000046120',1,'[{\"added\": {}}]',12,1),(259,'2020-08-25 16:39:06.328154','CST000000046420','CST000000046420',1,'[{\"added\": {}}]',12,1),(260,'2020-08-25 16:39:30.476036','CST000000046720','CST000000046720',1,'[{\"added\": {}}]',12,1),(261,'2020-08-25 16:39:48.371048','CST000000047020','CST000000047020',1,'[{\"added\": {}}]',12,1),(262,'2020-08-25 16:42:19.420131','CST000000047320','CST000000047320',1,'[{\"added\": {}}]',12,1),(263,'2020-08-25 16:43:07.212789','CST000000047620','CST000000047620',1,'[{\"added\": {}}]',12,1),(264,'2020-08-25 16:43:37.430411','CST000000047920','CST000000047920',1,'[{\"added\": {}}]',12,1),(265,'2020-08-25 16:44:12.560139','CST000000048220','CST000000048220',1,'[{\"added\": {}}]',12,1),(266,'2020-08-25 16:45:11.836399','CST000000048520','CST000000048520',1,'[{\"added\": {}}]',12,1),(267,'2020-08-25 16:45:42.519444','CST000000048820','CST000000048820',1,'[{\"added\": {}}]',12,1),(268,'2020-08-25 16:46:16.673862','CST000000049120','CST000000049120',1,'[{\"added\": {}}]',12,1),(269,'2020-08-25 16:47:24.621212','CST000000049420','CST000000049420',1,'[{\"added\": {}}]',12,1),(270,'2020-08-25 16:47:56.396296','CST000000049720','CST000000049720',1,'[{\"added\": {}}]',12,1),(271,'2020-08-25 16:48:54.833152','CST000000050020','CST000000050020',1,'[{\"added\": {}}]',12,1),(272,'2020-08-25 16:49:56.440486','CST000000050320','CST000000050320',1,'[{\"added\": {}}]',12,1),(273,'2020-08-25 16:50:24.173176','CST000000050620','CST000000050620',1,'[{\"added\": {}}]',12,1),(274,'2020-08-25 16:50:40.048976','CST000000050920','CST000000050920',1,'[{\"added\": {}}]',12,1),(275,'2020-08-25 16:51:50.908096','CST000000051220','CST000000051220',1,'[{\"added\": {}}]',12,1),(276,'2020-08-25 16:52:19.341634','CST000000051520','CST000000051520',1,'[{\"added\": {}}]',12,1),(277,'2020-08-25 16:53:11.204237','CST000000051820','CST000000051820',1,'[{\"added\": {}}]',12,1),(278,'2020-08-25 16:53:47.994838','CST000000052120','CST000000052120',1,'[{\"added\": {}}]',12,1),(279,'2020-08-25 16:54:21.754121','CST000000052420','CST000000052420',1,'[{\"added\": {}}]',12,1),(280,'2020-08-25 16:54:45.462312','CST000000052720','CST000000052720',1,'[{\"added\": {}}]',12,1),(281,'2020-08-25 16:56:25.728975','CST000000052720','CST000000052720',2,'[{\"changed\": {\"fields\": [\"TransactionDate\"]}}]',12,1),(282,'2020-08-25 16:56:45.673739','CST000000052420','CST000000052420',2,'[{\"changed\": {\"fields\": [\"TransactionDate\"]}}]',12,1),(283,'2020-08-25 16:57:40.788051','CST000000053020','CST000000053020',1,'[{\"added\": {}}]',12,1),(284,'2020-08-25 16:58:05.606410','CST000000053320','CST000000053320',1,'[{\"added\": {}}]',12,1),(285,'2020-08-25 16:58:26.361694','CST000000053620','CST000000053620',1,'[{\"added\": {}}]',12,1),(286,'2020-08-25 17:00:24.880034','CST000000053920','CST000000053920',1,'[{\"added\": {}}]',12,1),(287,'2020-08-25 17:00:51.575941','CST000000054220','CST000000054220',1,'[{\"added\": {}}]',12,1),(288,'2020-08-25 17:01:08.419017','CST000000054520','CST000000054520',1,'[{\"added\": {}}]',12,1),(289,'2020-08-25 17:01:35.654227','CST000000054820','CST000000054820',1,'[{\"added\": {}}]',12,1),(290,'2020-08-25 17:04:38.981578','CST000000055120','CST000000055120',1,'[{\"added\": {}}]',12,1),(291,'2020-08-25 17:06:02.962453','CST000000055420','CST000000055420',1,'[{\"added\": {}}]',12,1),(292,'2020-08-25 17:07:34.252298','CST000000055720','CST000000055720',1,'[{\"added\": {}}]',12,1),(293,'2020-08-25 17:08:17.963051','CST000000056020','CST000000056020',1,'[{\"added\": {}}]',12,1),(294,'2020-08-25 17:09:57.619477','CST000000056320','CST000000056320',1,'[{\"added\": {}}]',12,1),(295,'2020-08-25 17:10:35.767860','CST000000056620','CST000000056620',1,'[{\"added\": {}}]',12,1),(296,'2020-08-25 17:12:01.029825','CST000000056920','CST000000056920',1,'[{\"added\": {}}]',12,1),(297,'2020-08-25 17:12:40.744968','CST000000057220','CST000000057220',1,'[{\"added\": {}}]',12,1),(298,'2020-08-25 17:13:21.780298','CST000000057520','CST000000057520',1,'[{\"added\": {}}]',12,1),(299,'2020-08-25 17:13:50.999632','CST000000057820','CST000000057820',1,'[{\"added\": {}}]',12,1),(300,'2020-08-25 17:14:24.215961','subscriptionid','subscriptionid',2,'[{\"changed\": {\"fields\": [\"CurrentNumber\"]}}]',9,1),(301,'2020-08-25 17:15:16.328055','CST000000058120','CST000000058120',1,'[{\"added\": {}}]',12,1),(302,'2020-08-25 17:15:42.979204','CSS0000000092','CSS0000000092',1,'[{\"added\": {}}]',13,1),(303,'2020-08-25 17:16:06.612022','CSS0000000092','CSS0000000092',3,'',13,1),(304,'2020-08-25 17:17:42.667758','chamaid','chamaid',2,'[{\"changed\": {\"fields\": [\"CurrentNumber\"]}}]',9,1),(305,'2020-08-25 17:17:54.582399','CST000000058420','CST000000058420',1,'[{\"added\": {}}]',12,1),(306,'2020-08-25 17:18:25.111857','CST000000058720','CST000000058720',1,'[{\"added\": {}}]',12,1),(307,'2020-08-25 17:18:52.900844','CST000000059020','CST000000059020',1,'[{\"added\": {}}]',12,1),(308,'2020-08-25 17:19:22.949714','CST000000059320','CST000000059320',1,'[{\"added\": {}}]',12,1),(309,'2020-08-25 17:20:23.899987','memberid','memberid',2,'[{\"changed\": {\"fields\": [\"CurrentNumber\"]}}]',9,1),(310,'2020-08-25 17:20:37.216669','CST000000059620','CST000000059620',1,'[{\"added\": {}}]',12,1),(311,'2020-08-25 17:21:48.999371','CST000000059920','CST000000059920',1,'[{\"added\": {}}]',12,1),(312,'2020-08-25 17:22:51.657275','CST000000060220','CST000000060220',1,'[{\"added\": {}}]',12,1),(313,'2020-08-25 17:23:52.075953','CST000000060520','CST000000060520',1,'[{\"added\": {}}]',12,1),(314,'2020-08-25 17:24:29.434211','CST000000060820','CST000000060820',1,'[{\"added\": {}}]',12,1),(315,'2020-08-25 17:25:19.796790','CST000000061120','CST000000061120',1,'[{\"added\": {}}]',12,1),(316,'2020-08-25 17:25:59.133840','CST000000061420','CST000000061420',1,'[{\"added\": {}}]',12,1),(317,'2020-08-25 17:26:24.013002','CST000000061720','CST000000061720',1,'[{\"added\": {}}]',12,1),(318,'2020-08-25 17:26:46.083697','CST000000062020','CST000000062020',1,'[{\"added\": {}}]',12,1),(319,'2020-08-25 17:27:08.928599','CST000000062320','CST000000062320',1,'[{\"added\": {}}]',12,1),(320,'2020-08-25 17:28:27.252271','CST000000062620','CST000000062620',1,'[{\"added\": {}}]',12,1),(321,'2020-08-25 17:28:50.791768','CST000000062920','CST000000062920',1,'[{\"added\": {}}]',12,1),(322,'2020-08-25 17:29:15.079850','CST000000063220','CST000000063220',1,'[{\"added\": {}}]',12,1),(323,'2020-08-25 17:29:38.778071','CST000000063520','CST000000063520',1,'[{\"added\": {}}]',12,1),(324,'2020-08-25 17:30:22.817735','CST000000063820','CST000000063820',1,'[{\"added\": {}}]',12,1),(325,'2020-08-25 17:32:14.982416','CST000000064120','CST000000064120',1,'[{\"added\": {}}]',12,1),(326,'2020-08-25 17:35:13.464063','CST000000064420','CST000000064420',1,'[{\"added\": {}}]',12,1),(327,'2020-08-25 17:37:20.135795','08CST000000064720','08CST000000064720',1,'[{\"added\": {}}]',12,1),(328,'2020-08-25 17:38:07.509434','CST000000065620','CST000000065620',1,'[{\"added\": {}}]',12,1),(329,'2020-08-25 17:39:14.351869','CST000000065920','CST000000065920',1,'[{\"added\": {}}]',12,1),(330,'2020-08-25 17:39:51.584501','CST000000066220','CST000000066220',1,'[{\"added\": {}}]',12,1),(331,'2020-08-25 17:40:49.251824','CST000000066520','CST000000066520',1,'[{\"added\": {}}]',12,1),(332,'2020-08-25 17:41:22.810649','CST000000066820','CST000000066820',1,'[{\"added\": {}}]',12,1),(333,'2020-08-25 17:42:12.702610','CST000000067120','CST000000067120',1,'[{\"added\": {}}]',12,1),(334,'2020-08-25 17:42:54.258560','CST000000067420','CST000000067420',1,'[{\"added\": {}}]',12,1),(335,'2020-08-25 17:43:32.671075','CST000000067720','CST000000067720',1,'[{\"added\": {}}]',12,1),(336,'2020-08-25 17:45:42.817188','CST000000068020','CST000000068020',1,'[{\"added\": {}}]',12,1),(337,'2020-08-25 17:46:40.658515','CST000000068320','CST000000068320',1,'[{\"added\": {}}]',12,1),(338,'2020-08-25 17:47:50.256554','CST000000068620','CST000000068620',1,'[{\"added\": {}}]',12,1),(339,'2020-08-25 17:48:17.100037','CST000000069120','CST000000069120',1,'[{\"added\": {}}]',12,1),(340,'2020-08-25 17:51:53.411915','CST000000068320','CST000000068320',3,'',12,1),(341,'2020-08-25 17:57:47.070348','CST000000069420','CST000000069420',1,'[{\"added\": {}}]',12,1),(342,'2020-08-25 17:58:10.690558','CST000000069720','CST000000069720',1,'[{\"added\": {}}]',12,1),(343,'2020-08-25 17:58:33.183855','CST000000070020','CST000000070020',1,'[{\"added\": {}}]',12,1),(344,'2020-08-25 17:59:24.472040','CST000000070320','CST000000070320',1,'[{\"added\": {}}]',12,1),(345,'2020-08-25 17:59:45.799910','CST000000070620','CST000000070620',1,'[{\"added\": {}}]',12,1),(346,'2020-08-25 18:00:08.499965','CST000000070920','CST000000070920',1,'[{\"added\": {}}]',12,1),(347,'2020-08-25 18:00:53.399845','CST000000071220','CST000000071220',1,'[{\"added\": {}}]',12,1),(348,'2020-08-25 18:01:31.047838','CST000000071520','CST000000071520',1,'[{\"added\": {}}]',12,1),(349,'2020-08-25 18:02:23.327209','CST000000071820','CST000000071820',1,'[{\"added\": {}}]',12,1),(350,'2020-08-25 18:02:55.678906','CST000000072120','CST000000072120',1,'[{\"added\": {}}]',12,1),(351,'2020-08-25 18:03:36.662114','CST000000072420','CST000000072420',1,'[{\"added\": {}}]',12,1),(352,'2020-08-25 18:05:09.192403','CST000000072720','CST000000072720',1,'[{\"added\": {}}]',12,1),(353,'2020-08-25 18:05:50.324591','CST000000073020','CST000000073020',1,'[{\"added\": {}}]',12,1),(354,'2020-08-25 18:06:13.651825','CST000000073320','CST000000073320',1,'[{\"added\": {}}]',12,1),(355,'2020-08-25 18:07:03.721374','CST000000073620','CST000000073620',1,'[{\"added\": {}}]',12,1),(356,'2020-08-25 18:07:31.925246','CST000000073920','CST000000073920',1,'[{\"added\": {}}]',12,1),(357,'2020-08-25 18:08:03.412360','CST000000074220','CST000000074220',1,'[{\"added\": {}}]',12,1),(358,'2020-08-25 18:08:34.966209','CST000000074520','CST000000074520',1,'[{\"added\": {}}]',12,1),(359,'2020-08-25 18:09:22.639078','CST000000074820','CST000000074820',1,'[{\"added\": {}}]',12,1),(360,'2020-08-25 18:10:12.894049','CST000000075120','CST000000075120',1,'[{\"added\": {}}]',12,1),(361,'2020-08-25 18:10:39.347762','CST000000075420','CST000000075420',1,'[{\"added\": {}}]',12,1),(362,'2020-08-25 18:11:00.146754','CST000000075720','CST000000075720',1,'[{\"added\": {}}]',12,1),(363,'2020-08-25 18:11:21.163816','CST000000076020','CST000000076020',1,'[{\"added\": {}}]',12,1),(364,'2020-08-25 18:11:44.321636','CST000000076320','CST000000076320',1,'[{\"added\": {}}]',12,1),(365,'2020-08-25 18:48:40.602134','53','0705541145',2,'[{\"changed\": {\"fields\": [\"Active\"]}}]',4,1),(366,'2020-08-26 10:03:07.328385','CST000000076920','CST000000076920',1,'[{\"added\": {}}]',12,1),(367,'2020-08-26 10:03:28.872262','CST000000077220','CST000000077220',1,'[{\"added\": {}}]',12,1),(368,'2020-08-26 10:03:55.152924','CST000000077520','CST000000077520',1,'[{\"added\": {}}]',12,1),(369,'2020-08-26 10:04:42.343786','CST000000077820','CST000000077820',1,'[{\"added\": {}}]',12,1),(370,'2020-08-26 10:05:02.896808','CST000000078120','CST000000078120',1,'[{\"added\": {}}]',12,1),(371,'2020-08-26 10:05:32.152062','CST000000078420','CST000000078420',1,'[{\"added\": {}}]',12,1),(372,'2020-08-26 10:06:13.228108','CST000000078720','CST000000078720',1,'[{\"added\": {}}]',12,1),(373,'2020-08-26 10:07:12.532506','CST000000079020','CST000000079020',1,'[{\"added\": {}}]',12,1),(374,'2020-08-26 10:07:47.536308','CST000000079320','CST000000079320',1,'[{\"added\": {}}]',12,1),(375,'2020-08-26 10:08:40.676504','CST000000079620','CST000000079620',1,'[{\"added\": {}}]',12,1),(376,'2020-08-26 10:09:37.841874','CST000000079920','CST000000079920',1,'[{\"added\": {}}]',12,1),(377,'2020-08-26 10:10:05.464101','CST000000080220','CST000000080220',1,'[{\"added\": {}}]',12,1),(378,'2020-08-26 10:10:31.782911','CST000000080520','CST000000080520',1,'[{\"added\": {}}]',12,1),(379,'2020-08-26 10:10:57.100466','CST000000080820','CST000000080820',1,'[{\"added\": {}}]',12,1),(380,'2020-08-26 10:11:28.800811','CST000000081120','CST000000081120',1,'[{\"added\": {}}]',12,1),(381,'2020-08-26 10:11:53.396835','CST000000081420','CST000000081420',1,'[{\"added\": {}}]',12,1),(382,'2020-08-26 10:12:10.555781','CST000000081720','CST000000081720',1,'[{\"added\": {}}]',12,1),(383,'2020-08-26 10:12:33.440182','CST000000082020','CST000000082020',1,'[{\"added\": {}}]',12,1),(384,'2020-08-26 10:15:25.286844','CST000000082320','CST000000082320',1,'[{\"added\": {}}]',12,1),(385,'2020-08-26 10:15:46.065127','CST000000082620','CST000000082620',1,'[{\"added\": {}}]',12,1),(386,'2020-08-26 10:16:11.721756','CST000000082920','CST000000082920',1,'[{\"added\": {}}]',12,1),(387,'2020-08-26 10:16:37.256118','CST000000083220','CST000000083220',1,'[{\"added\": {}}]',12,1),(388,'2020-08-26 10:19:17.881765','CST000000083520','CST000000083520',1,'[{\"added\": {}}]',12,1),(389,'2020-08-26 10:19:55.049373','CST000000083820','CST000000083820',1,'[{\"added\": {}}]',12,1),(390,'2020-08-26 10:20:18.916151','CST000000084120','CST000000084120',1,'[{\"added\": {}}]',12,1),(391,'2020-08-26 10:20:57.976915','CST000000084420','CST000000084420',1,'[{\"added\": {}}]',12,1),(392,'2020-08-26 10:21:45.226879','CST000000084720','CST000000084720',1,'[{\"added\": {}}]',12,1),(393,'2020-08-26 10:22:16.411599','CST000000085020','CST000000085020',1,'[{\"added\": {}}]',12,1),(394,'2020-08-26 10:22:36.035263','CST000000085320','CST000000085320',1,'[{\"added\": {}}]',12,1),(395,'2020-08-26 10:22:52.556968','CST000000085620','CST000000085620',1,'[{\"added\": {}}]',12,1),(396,'2020-08-26 10:23:36.453294','CST000000085920','CST000000085920',1,'[{\"added\": {}}]',12,1),(397,'2020-08-26 10:24:23.111678','CST000000086220','CST000000086220',1,'[{\"added\": {}}]',12,1),(398,'2020-08-26 10:29:05.556108','CST000000086520','CST000000086520',1,'[{\"added\": {}}]',12,1),(399,'2020-08-26 10:29:36.524174','CST000000086820','CST000000086820',1,'[{\"added\": {}}]',12,1),(400,'2020-08-26 10:30:00.722323','CST000000087120','CST000000087120',1,'[{\"added\": {}}]',12,1),(401,'2020-08-26 10:30:27.296768','CST000000087420','CST000000087420',1,'[{\"added\": {}}]',12,1),(402,'2020-08-26 10:30:52.669452','CST000000087720','CST000000087720',1,'[{\"added\": {}}]',12,1),(403,'2020-08-26 10:31:15.023652','CST000000088020','CST000000088020',1,'[{\"added\": {}}]',12,1),(404,'2020-08-26 10:31:36.560589','CST000000088320','CST000000088320',1,'[{\"added\": {}}]',12,1),(405,'2020-08-26 10:32:10.620579','CST000000088620','CST000000088620',1,'[{\"added\": {}}]',12,1),(406,'2020-08-26 10:33:37.056988','CST000000088920','CST000000088920',1,'[{\"added\": {}}]',12,1),(407,'2020-08-26 10:34:10.187433','CST000000089220','CST000000089220',1,'[{\"added\": {}}]',12,1),(408,'2020-08-26 10:34:25.836085','CST000000089520','CST000000089520',1,'[{\"added\": {}}]',12,1),(409,'2020-08-26 10:34:51.296119','CST000000089820','CST000000089820',1,'[{\"added\": {}}]',12,1),(410,'2020-08-26 10:35:20.863624','CST000000090120','CST000000090120',1,'[{\"added\": {}}]',12,1),(411,'2020-08-26 10:36:53.453329','CST000000090420','CST000000090420',1,'[{\"added\": {}}]',12,1),(412,'2020-08-26 10:37:20.479953','CST000000090720','CST000000090720',1,'[{\"added\": {}}]',12,1),(413,'2020-08-26 10:37:38.667979','CST000000091020','CST000000091020',1,'[{\"added\": {}}]',12,1),(414,'2020-08-26 10:37:54.202490','CST000000091320','CST000000091320',1,'[{\"added\": {}}]',12,1),(415,'2020-08-26 10:38:11.055869','CST000000091620','CST000000091620',1,'[{\"added\": {}}]',12,1),(416,'2020-08-26 10:38:51.773655','CST000000091920','CST000000091920',1,'[{\"added\": {}}]',12,1),(417,'2020-08-26 10:39:12.680258','CST000000092220','CST000000092220',1,'[{\"added\": {}}]',12,1),(418,'2020-08-26 10:39:29.248363','CST000000092520','CST000000092520',1,'[{\"added\": {}}]',12,1),(419,'2020-08-26 10:39:48.812263','CST000000092820','CST000000092820',1,'[{\"added\": {}}]',12,1),(420,'2020-08-26 10:41:44.336311','CST000000093120','CST000000093120',1,'[{\"added\": {}}]',12,1),(421,'2020-08-26 10:41:53.526181','CST000000092820','CST000000092820',2,'[{\"changed\": {\"fields\": [\"TransactionDate\"]}}]',12,1),(422,'2020-08-26 10:42:03.824891','CST000000092520','CST000000092520',2,'[{\"changed\": {\"fields\": [\"TransactionDate\"]}}]',12,1),(423,'2020-08-26 10:42:18.065211','CST000000092220','CST000000092220',2,'[{\"changed\": {\"fields\": [\"TransactionDate\"]}}]',12,1),(424,'2020-08-26 10:44:44.302325','CST000000093420','CST000000093420',1,'[{\"added\": {}}]',12,1),(425,'2020-08-26 10:45:00.849277','CST000000093720','CST000000093720',1,'[{\"added\": {}}]',12,1),(426,'2020-08-26 10:45:17.897422','CST000000094020','CST000000094020',1,'[{\"added\": {}}]',12,1),(427,'2020-08-26 10:45:36.620104','CST000000094320','CST000000094320',1,'[{\"added\": {}}]',12,1),(428,'2020-08-26 10:45:54.543345','CST000000094620','CST000000094620',1,'[{\"added\": {}}]',12,1),(429,'2020-08-26 10:47:54.879586','CST000000094920','CST000000094920',1,'[{\"added\": {}}]',12,1),(430,'2020-08-26 10:48:10.007385','CST000000095220','CST000000095220',1,'[{\"added\": {}}]',12,1),(431,'2020-08-26 10:48:26.140432','CST000000095520','CST000000095520',1,'[{\"added\": {}}]',12,1),(432,'2020-08-26 10:48:40.029819','CST000000095820','CST000000095820',1,'[{\"added\": {}}]',12,1),(433,'2020-08-26 10:48:54.317223','CST000000096120','CST000000096120',1,'[{\"added\": {}}]',12,1),(434,'2020-08-26 10:50:08.018933','CST000000096420','CST000000096420',1,'[{\"added\": {}}]',12,1),(435,'2020-08-26 10:50:23.346452','CST000000095820','CST000000095820',2,'[{\"changed\": {\"fields\": [\"Amount\"]}}]',12,1),(436,'2020-08-26 10:50:33.825019','CST000000095520','CST000000095520',2,'[{\"changed\": {\"fields\": [\"Amount\"]}}]',12,1),(437,'2020-08-26 10:51:30.889821','CST000000096720','CST000000096720',1,'[{\"added\": {}}]',12,1),(438,'2020-08-26 10:51:51.479502','CST000000097020','CST000000097020',1,'[{\"added\": {}}]',12,1),(439,'2020-08-26 10:52:04.731961','CST000000097320','CST000000097320',1,'[{\"added\": {}}]',12,1),(440,'2020-08-26 10:52:22.989574','CST000000097620','CST000000097620',1,'[{\"added\": {}}]',12,1),(441,'2020-08-26 10:53:44.124236','CST000000097920','CST000000097920',1,'[{\"added\": {}}]',12,1),(442,'2020-08-26 10:54:00.321524','CST000000098220','CST000000098220',1,'[{\"added\": {}}]',12,1),(443,'2020-08-26 10:54:16.110954','CST000000098520','CST000000098520',1,'[{\"added\": {}}]',12,1),(444,'2020-08-26 10:54:28.426755','CST000000098820','CST000000098820',1,'[{\"added\": {}}]',12,1),(445,'2020-08-26 10:54:40.912791','CST000000099120','CST000000099120',1,'[{\"added\": {}}]',12,1),(446,'2020-08-26 10:55:48.503982','CST000000099420','CST000000099420',1,'[{\"added\": {}}]',12,1),(447,'2020-08-26 10:56:22.304025','CST000000099720','CST000000099720',1,'[{\"added\": {}}]',12,1),(448,'2020-08-26 10:56:43.859959','CST000000100020','CST000000100020',1,'[{\"added\": {}}]',12,1),(449,'2020-08-26 10:56:56.942741','CST000000100320','CST000000100320',1,'[{\"added\": {}}]',12,1),(450,'2020-08-26 10:57:13.511954','CST000000100620','CST000000100620',1,'[{\"added\": {}}]',12,1),(451,'2020-08-26 11:03:17.803033','CST000000100920','CST000000100920',1,'[{\"added\": {}}]',12,1),(452,'2020-08-26 11:04:09.004161','CST000000101220','CST000000101220',1,'[{\"added\": {}}]',12,1),(453,'2020-08-26 11:04:30.174377','CST000000101520','CST000000101520',1,'[{\"added\": {}}]',12,1),(454,'2020-08-26 11:04:47.484755','CST000000101820','CST000000101820',1,'[{\"added\": {}}]',12,1),(455,'2020-08-26 11:05:36.380871','CST000000102120','CST000000102120',1,'[{\"added\": {}}]',12,1),(456,'2020-08-26 11:06:40.321843','CST000000102420','CST000000102420',1,'[{\"added\": {}}]',12,1),(457,'2020-08-26 11:07:05.894168','CST000000102720','CST000000102720',1,'[{\"added\": {}}]',12,1),(458,'2020-08-26 11:08:15.874338','CST000000103020','CST000000103020',1,'[{\"added\": {}}]',12,1),(459,'2020-08-26 11:08:29.882357','CST000000102720','CST000000102720',2,'[{\"changed\": {\"fields\": [\"TransactionDate\"]}}]',12,1),(460,'2020-08-26 11:08:37.999966','CST000000102420','CST000000102420',2,'[{\"changed\": {\"fields\": [\"TransactionDate\"]}}]',12,1),(461,'2020-08-26 11:10:52.934557','CST000000103320','CST000000103320',1,'[{\"added\": {}}]',12,1),(462,'2020-08-26 11:11:11.912035','CST000000103620','CST000000103620',1,'[{\"added\": {}}]',12,1),(463,'2020-08-26 11:11:37.125854','CST000000103920','CST000000103920',1,'[{\"added\": {}}]',12,1),(464,'2020-08-26 11:11:59.616414','CST000000104220','CST000000104220',1,'[{\"added\": {}}]',12,1),(465,'2020-08-26 11:12:31.892523','CST000000104520','CST000000104520',1,'[{\"added\": {}}]',12,1),(466,'2020-08-26 11:12:57.312007','CST000000104820','CST000000104820',1,'[{\"added\": {}}]',12,1),(467,'2020-08-26 11:13:23.097187','CST000000105120','CST000000105120',1,'[{\"added\": {}}]',12,1),(468,'2020-08-26 11:13:36.551997','CST000000105420','CST000000105420',1,'[{\"added\": {}}]',12,1),(469,'2020-08-26 11:14:14.391818','CST000000105720','CST000000105720',1,'[{\"added\": {}}]',12,1),(470,'2020-08-26 11:14:42.473504','CST000000106020','CST000000106020',1,'[{\"added\": {}}]',12,1),(471,'2020-08-26 11:15:21.489360','CST000000106320','CST000000106320',1,'[{\"added\": {}}]',12,1),(472,'2020-08-26 11:16:20.195813','CST000000106620','CST000000106620',1,'[{\"added\": {}}]',12,1),(473,'2020-08-26 11:17:00.392775','CST000000106920','CST000000106920',1,'[{\"added\": {}}]',12,1),(474,'2020-08-26 11:17:26.980001','CST000000107220','CST000000107220',1,'[{\"added\": {}}]',12,1),(475,'2020-08-26 11:17:41.784857','CST000000107520','CST000000107520',1,'[{\"added\": {}}]',12,1),(476,'2020-08-26 11:17:59.663734','CST000000107820','CST000000107820',1,'[{\"added\": {}}]',12,1),(477,'2020-08-26 11:18:28.015988','CST000000108120','CST000000108120',1,'[{\"added\": {}}]',12,1),(478,'2020-08-26 11:18:44.795494','CST000000108420','CST000000108420',1,'[{\"added\": {}}]',12,1),(479,'2020-08-26 11:19:06.307905','CST000000108720','CST000000108720',1,'[{\"added\": {}}]',12,1),(480,'2020-08-26 11:19:23.357703','CST000000109020','CST000000109020',1,'[{\"added\": {}}]',12,1),(481,'2020-08-26 11:20:41.136503','CST000000109320','CST000000109320',1,'[{\"added\": {}}]',12,1),(482,'2020-08-26 11:20:58.700752','CST000000109620','CST000000109620',1,'[{\"added\": {}}]',12,1),(483,'2020-08-26 11:21:15.867984','CST000000109920','CST000000109920',1,'[{\"added\": {}}]',12,1),(484,'2020-08-26 11:21:34.259904','CST000000110220','CST000000110220',1,'[{\"added\": {}}]',12,1),(485,'2020-08-26 11:22:45.461241','CST000000110520','CST000000110520',1,'[{\"added\": {}}]',12,1),(486,'2020-08-26 11:37:16.673249','CST000000110820','CST000000110820',1,'[{\"added\": {}}]',12,1),(487,'2020-08-26 11:38:00.632130','CST000000111120','CST000000111120',1,'[{\"added\": {}}]',12,1),(488,'2020-08-26 11:38:24.228187','CST000000111420','CST000000111420',1,'[{\"added\": {}}]',12,1),(489,'2020-08-26 11:39:52.527906','CST000000111720','CST000000111720',1,'[{\"added\": {}}]',12,1),(490,'2020-08-26 11:40:26.535973','CST000000112020','CST000000112020',1,'[{\"added\": {}}]',12,1),(491,'2020-08-26 11:41:05.459826','CST000000112320','CST000000112320',1,'[{\"added\": {}}]',12,1),(492,'2020-08-26 11:45:44.406082','CST000000112620','CST000000112620',1,'[{\"added\": {}}]',12,1),(493,'2020-08-26 11:46:11.155915','CST000000112920','CST000000112920',1,'[{\"added\": {}}]',12,1),(494,'2020-08-26 11:46:45.746326','CST000000113220','CST000000113220',1,'[{\"added\": {}}]',12,1),(495,'2020-08-26 11:47:29.284801','CST000000113520','CST000000113520',1,'[{\"added\": {}}]',12,1),(496,'2020-08-26 11:49:42.119913','CST000000113820','CST000000113820',1,'[{\"added\": {}}]',12,1),(497,'2020-08-26 11:50:05.211800','CST000000114120','CST000000114120',1,'[{\"added\": {}}]',12,1),(498,'2020-08-26 11:50:17.603906','CST000000114420','CST000000114420',1,'[{\"added\": {}}]',12,1),(499,'2020-08-26 11:51:25.739691','CST000000114720','CST000000114720',1,'[{\"added\": {}}]',12,1),(500,'2020-08-26 11:51:50.175295','CST000000115020','CST000000115020',1,'[{\"added\": {}}]',12,1),(501,'2020-08-26 11:52:07.586613','CST000000115320','CST000000115320',1,'[{\"added\": {}}]',12,1),(502,'2020-08-26 11:52:34.947847','CST000000115620','CST000000115620',1,'[{\"added\": {}}]',12,1),(503,'2020-08-26 11:53:05.322329','CST000000115920','CST000000115920',1,'[{\"added\": {}}]',12,1),(504,'2020-08-26 11:53:30.375868','CST000000116220','CST000000116220',1,'[{\"added\": {}}]',12,1),(505,'2020-08-26 11:54:11.910744','CST000000116520','CST000000116520',1,'[{\"added\": {}}]',12,1),(506,'2020-08-26 11:54:33.228883','CST000000116820','CST000000116820',1,'[{\"added\": {}}]',12,1),(507,'2020-08-26 11:55:03.449655','CST000000117120','CST000000117120',1,'[{\"added\": {}}]',12,1),(508,'2020-08-26 11:55:40.344019','CST000000117420','CST000000117420',1,'[{\"added\": {}}]',12,1),(509,'2020-08-26 11:56:03.231984','CST000000117720','CST000000117720',1,'[{\"added\": {}}]',12,1),(510,'2020-08-26 11:56:43.791953','CST000000118020','CST000000118020',1,'[{\"added\": {}}]',12,1),(511,'2020-08-26 11:57:11.156050','CST000000118320','CST000000118320',1,'[{\"added\": {}}]',12,1),(512,'2020-08-26 11:57:39.121211','CST000000118620','CST000000118620',1,'[{\"added\": {}}]',12,1),(513,'2020-08-26 12:01:02.159274','CST000000118920','CST000000118920',1,'[{\"added\": {}}]',12,1),(514,'2020-08-26 12:03:11.274471','CST000000119220','CST000000119220',1,'[{\"added\": {}}]',12,1),(515,'2020-08-26 12:03:48.803691','CST000000119520','CST000000119520',1,'[{\"added\": {}}]',12,1),(516,'2020-08-26 12:04:27.154752','CST000000119820','CST000000119820',1,'[{\"added\": {}}]',12,1),(517,'2020-08-26 12:05:30.319249','CST000000120120','CST000000120120',1,'[{\"added\": {}}]',12,1),(518,'2020-08-26 12:05:50.364630','CST000000120420','CST000000120420',1,'[{\"added\": {}}]',12,1),(519,'2020-08-26 12:06:11.866201','CST000000120720','CST000000120720',1,'[{\"added\": {}}]',12,1),(520,'2020-08-26 12:08:01.164602','CST000000121020','CST000000121020',1,'[{\"added\": {}}]',12,1),(521,'2020-08-26 12:08:27.771973','CST000000121320','CST000000121320',1,'[{\"added\": {}}]',12,1),(522,'2020-08-26 12:09:01.305282','CST000000121620','CST000000121620',1,'[{\"added\": {}}]',12,1),(523,'2020-08-26 12:09:16.964642','CST000000121920','CST000000121920',1,'[{\"added\": {}}]',12,1),(524,'2020-08-26 12:09:41.530808','CST000000122220','CST000000122220',1,'[{\"added\": {}}]',12,1),(525,'2020-08-26 12:10:32.960285','CST000000122520','CST000000122520',1,'[{\"added\": {}}]',12,1),(526,'2020-08-26 12:10:51.707272','CST000000122820','CST000000122820',1,'[{\"added\": {}}]',12,1),(527,'2020-08-26 12:11:10.661406','CST000000123120','CST000000123120',1,'[{\"added\": {}}]',12,1),(528,'2020-08-26 12:11:39.261357','CST000000123420','CST000000123420',1,'[{\"added\": {}}]',12,1),(529,'2020-08-26 12:12:12.224408','CST000000123720','CST000000123720',1,'[{\"added\": {}}]',12,1),(530,'2020-08-26 12:12:45.748320','CST000000124020','CST000000124020',1,'[{\"added\": {}}]',12,1),(531,'2020-08-26 12:12:55.004100','CST000000123420','CST000000123420',2,'[{\"changed\": {\"fields\": [\"TransactionType\"]}}]',12,1),(532,'2020-08-26 12:17:21.336256','CST000000124320','CST000000124320',1,'[{\"added\": {}}]',12,1),(533,'2020-08-26 12:17:49.329558','CST000000124620','CST000000124620',1,'[{\"added\": {}}]',12,1),(534,'2020-08-26 12:18:11.271915','CST000000124920','CST000000124920',1,'[{\"added\": {}}]',12,1),(535,'2020-08-26 12:18:28.160052','CST000000125220','CST000000125220',1,'[{\"added\": {}}]',12,1),(536,'2020-08-26 12:18:49.787860','CST000000125520','CST000000125520',1,'[{\"added\": {}}]',12,1),(537,'2020-08-26 12:19:34.184039','CST000000125820','CST000000125820',1,'[{\"added\": {}}]',12,1),(538,'2020-08-26 12:19:56.208595','CST000000126120','CST000000126120',1,'[{\"added\": {}}]',12,1),(539,'2020-08-26 12:20:29.548321','CST000000126420','CST000000126420',1,'[{\"added\": {}}]',12,1),(540,'2020-08-26 12:21:01.646165','CST000000126720','CST000000126720',1,'[{\"added\": {}}]',12,1),(541,'2020-08-26 12:21:52.847953','CST000000127020','CST000000127020',1,'[{\"added\": {}}]',12,1),(542,'2020-08-26 12:22:27.343962','CST000000127320','CST000000127320',1,'[{\"added\": {}}]',12,1),(543,'2020-08-26 12:22:58.790892','CST000000127620','CST000000127620',1,'[{\"added\": {}}]',12,1),(544,'2020-08-26 12:23:14.022579','CST000000127920','CST000000127920',1,'[{\"added\": {}}]',12,1),(545,'2020-08-26 12:23:36.264428','CST000000128220','CST000000128220',1,'[{\"added\": {}}]',12,1),(546,'2020-08-26 12:24:19.247246','CST000000128520','CST000000128520',1,'[{\"added\": {}}]',12,1),(547,'2020-08-26 12:25:03.565308','CST000000128820','CST000000128820',1,'[{\"added\": {}}]',12,1),(548,'2020-08-26 12:25:28.256024','CST000000129120','CST000000129120',1,'[{\"added\": {}}]',12,1),(549,'2020-08-26 12:26:04.215061','CST000000129420','CST000000129420',1,'[{\"added\": {}}]',12,1),(550,'2020-08-26 12:26:27.059952','CST000000129720','CST000000129720',1,'[{\"added\": {}}]',12,1),(551,'2020-08-26 12:27:21.191505','CST000000130020','CST000000130020',1,'[{\"added\": {}}]',12,1),(552,'2020-08-26 12:27:38.424584','CST000000130320','CST000000130320',1,'[{\"added\": {}}]',12,1),(553,'2020-08-26 12:28:21.295235','CST000000130620','CST000000130620',1,'[{\"added\": {}}]',12,1),(554,'2020-08-26 12:28:41.055990','CST000000130920','CST000000130920',1,'[{\"added\": {}}]',12,1),(555,'2020-08-26 12:28:55.983125','CST000000131220','CST000000131220',1,'[{\"added\": {}}]',12,1),(556,'2020-08-26 12:29:49.957160','CST000000131520','CST000000131520',1,'[{\"added\": {}}]',12,1),(557,'2020-08-26 12:30:10.288054','CST000000131820','CST000000131820',1,'[{\"added\": {}}]',12,1),(558,'2020-08-26 12:30:32.807972','CST000000132120','CST000000132120',1,'[{\"added\": {}}]',12,1),(559,'2020-08-26 12:31:00.509592','CST000000132420','CST000000132420',1,'[{\"added\": {}}]',12,1),(560,'2020-08-26 12:31:28.189980','CST000000132720','CST000000132720',1,'[{\"added\": {}}]',12,1),(561,'2020-08-26 12:32:17.115639','CST000000133020','CST000000133020',1,'[{\"added\": {}}]',12,1),(562,'2020-08-26 12:32:38.278501','CST000000133320','CST000000133320',1,'[{\"added\": {}}]',12,1),(563,'2020-08-26 12:32:54.820538','CST000000133620','CST000000133620',1,'[{\"added\": {}}]',12,1),(564,'2020-08-26 12:33:20.955771','CST000000133920','CST000000133920',1,'[{\"added\": {}}]',12,1),(565,'2020-08-26 12:33:47.094937','CST000000134220','CST000000134220',1,'[{\"added\": {}}]',12,1),(566,'2020-08-26 12:34:19.282623','CST000000134520','CST000000134520',1,'[{\"added\": {}}]',12,1),(567,'2020-08-26 12:34:34.284057','CST000000134820','CST000000134820',1,'[{\"added\": {}}]',12,1),(568,'2020-08-26 12:34:51.961482','CST000000135120','CST000000135120',1,'[{\"added\": {}}]',12,1),(569,'2020-08-26 12:36:51.957993','CST000000135420','CST000000135420',1,'[{\"added\": {}}]',12,1),(570,'2020-08-26 12:37:09.963516','CST000000135720','CST000000135720',1,'[{\"added\": {}}]',12,1),(571,'2020-08-26 12:38:54.491967','CST000000134820','CST000000134820',2,'[{\"changed\": {\"fields\": [\"Amount\"]}}]',12,1),(572,'2020-08-26 12:40:09.820066','CST000000136220','CST000000136220',1,'[{\"added\": {}}]',12,1),(573,'2020-08-26 19:54:29.451828','CST000000121020','CST000000121020',2,'[{\"changed\": {\"fields\": [\"Amount\"]}}]',12,1),(574,'2020-08-30 09:39:54.230381','CST000000139420','CST000000139420',1,'[{\"added\": {}}]',12,1),(575,'2020-08-30 09:40:54.090363','CST000000139720','CST000000139720',1,'[{\"added\": {}}]',12,1),(576,'2020-08-30 09:41:09.142937','CST000000140020','CST000000140020',1,'[{\"added\": {}}]',12,1),(577,'2020-08-30 09:43:22.178891','CST000000140320','CST000000140320',1,'[{\"added\": {}}]',12,1),(578,'2020-08-30 09:44:02.554887','CST000000140620','CST000000140620',1,'[{\"added\": {}}]',12,1),(579,'2020-08-30 09:44:30.188231','CST000000140920','CST000000140920',1,'[{\"added\": {}}]',12,1),(580,'2020-08-30 09:44:58.408517','CST000000141220','CST000000141220',1,'[{\"added\": {}}]',12,1),(581,'2020-08-30 09:49:27.849482','CST000000141520','CST000000141520',1,'[{\"added\": {}}]',12,1),(582,'2020-08-30 09:50:04.049990','CST000000141820','CST000000141820',1,'[{\"added\": {}}]',12,1),(583,'2020-08-30 09:50:19.902538','CST000000142120','CST000000142120',1,'[{\"added\": {}}]',12,1),(584,'2020-08-30 09:50:35.726357','CST000000142420','CST000000142420',1,'[{\"added\": {}}]',12,1),(585,'2020-08-30 09:51:47.254946','CST000000142720','CST000000142720',1,'[{\"added\": {}}]',12,1),(586,'2020-08-30 09:52:07.589017','CST000000143020','CST000000143020',1,'[{\"added\": {}}]',12,1),(587,'2020-08-30 09:52:20.783545','CST000000143320','CST000000143320',1,'[{\"added\": {}}]',12,1),(588,'2020-08-30 09:52:33.408247','CST000000143620','CST000000143620',1,'[{\"added\": {}}]',12,1),(589,'2020-08-30 09:52:45.480600','CST000000143920','CST000000143920',1,'[{\"added\": {}}]',12,1),(590,'2020-08-30 09:53:52.435777','CST000000144220','CST000000144220',1,'[{\"added\": {}}]',12,1),(591,'2020-08-30 09:54:37.480559','CST000000144520','CST000000144520',1,'[{\"added\": {}}]',12,1),(592,'2020-08-30 09:55:13.548223','CST000000144820','CST000000144820',1,'[{\"added\": {}}]',12,1),(593,'2020-08-30 09:57:02.705743','CST000000145120','CST000000145120',1,'[{\"added\": {}}]',12,1),(594,'2020-08-30 09:58:26.940342','CST000000145420','CST000000145420',1,'[{\"added\": {}}]',12,1),(595,'2020-08-30 09:58:51.324197','CST000000145720','CST000000145720',1,'[{\"added\": {}}]',12,1),(596,'2020-08-30 10:00:10.379987','CST000000146020','CST000000146020',1,'[{\"added\": {}}]',12,1),(597,'2020-08-30 10:01:08.560281','CST000000145720','CST000000145720',2,'[{\"changed\": {\"fields\": [\"Amount\"]}}]',12,1),(598,'2020-08-30 10:04:12.864518','CST000000146320','CST000000146320',1,'[{\"added\": {}}]',12,1),(599,'2020-08-30 10:04:31.632306','CST000000146620','CST000000146620',1,'[{\"added\": {}}]',12,1),(600,'2020-08-30 10:04:51.415185','CST000000146920','CST000000146920',1,'[{\"added\": {}}]',12,1),(601,'2020-08-30 10:05:39.575418','CST000000147220','CST000000147220',1,'[{\"added\": {}}]',12,1),(602,'2020-08-30 10:06:51.603399','CST000000147520','CST000000147520',1,'[{\"added\": {}}]',12,1),(603,'2020-08-30 10:07:20.868296','CST000000147820','CST000000147820',1,'[{\"added\": {}}]',12,1),(604,'2020-08-30 10:07:37.304215','CST000000148120','CST000000148120',1,'[{\"added\": {}}]',12,1),(605,'2020-08-30 10:08:28.868297','CST000000148420','CST000000148420',1,'[{\"added\": {}}]',12,1),(606,'2020-08-30 10:09:01.422630','CST000000148720','CST000000148720',1,'[{\"added\": {}}]',12,1),(607,'2020-08-30 10:09:25.658530','CST000000149020','CST000000149020',1,'[{\"added\": {}}]',12,1),(608,'2020-08-30 10:10:05.668188','CST000000149320','CST000000149320',1,'[{\"added\": {}}]',12,1),(609,'2020-08-30 10:10:30.164404','CST000000149620','CST000000149620',1,'[{\"added\": {}}]',12,1),(610,'2020-08-30 10:11:27.923515','CST000000149920','CST000000149920',1,'[{\"added\": {}}]',12,1),(611,'2020-08-30 10:11:48.494415','CST000000150220','CST000000150220',1,'[{\"added\": {}}]',12,1),(612,'2020-08-30 10:12:28.308664','CST000000150520','CST000000150520',1,'[{\"added\": {}}]',12,1),(613,'2020-08-30 10:12:44.290752','CST000000150820','CST000000150820',1,'[{\"added\": {}}]',12,1),(614,'2020-08-30 10:13:59.452417','CST000000151120','CST000000151120',1,'[{\"added\": {}}]',12,1),(615,'2020-08-30 10:14:14.578830','CST000000151420','CST000000151420',1,'[{\"added\": {}}]',12,1),(616,'2020-08-30 10:14:27.652326','CST000000151720','CST000000151720',1,'[{\"added\": {}}]',12,1),(617,'2020-08-30 10:15:58.472009','CST000000152020','CST000000152020',1,'[{\"added\": {}}]',12,1),(618,'2020-08-30 10:16:57.625248','CST000000152320','CST000000152320',1,'[{\"added\": {}}]',12,1),(619,'2020-08-30 10:17:27.236490','CST000000152620','CST000000152620',1,'[{\"added\": {}}]',12,1),(620,'2020-08-30 10:17:37.571429','CST000000152320','CST000000152320',2,'[{\"changed\": {\"fields\": [\"Amount\"]}}]',12,1),(621,'2020-08-30 10:18:08.532719','CST000000152920','CST000000152920',1,'[{\"added\": {}}]',12,1),(622,'2020-08-30 10:18:22.576545','CST000000153220','CST000000153220',1,'[{\"added\": {}}]',12,1),(623,'2020-08-30 10:18:41.279094','CST000000153520','CST000000153520',1,'[{\"added\": {}}]',12,1),(624,'2020-08-30 10:19:42.002489','CST000000153820','CST000000153820',1,'[{\"added\": {}}]',12,1),(625,'2020-08-30 10:25:46.824324','CSS0000000099','CSS0000000099',1,'[{\"added\": {}}]',13,1),(626,'2020-09-01 03:29:14.895725','CSG00098','CSG00098',3,'',8,1),(627,'2020-09-09 05:18:36.857319','CZS0000000116','CZS0000000116',1,'[{\"added\": {}}]',15,1),(628,'2020-09-09 05:19:06.176934','CZS0000000119','CZS0000000119',1,'[{\"added\": {}}]',15,1),(629,'2020-09-09 05:19:49.210043','CZS0000000122','CZS0000000122',1,'[{\"added\": {}}]',15,1),(630,'2020-09-09 05:20:30.201518','CZS0000000125','CZS0000000125',1,'[{\"added\": {}}]',15,1),(631,'2020-09-09 05:23:21.717259','CSG00063','LoanSettings object (CSG00063)',1,'[{\"added\": {}}]',13,1),(632,'2020-09-09 05:23:28.773270','CSG00089','LoanSettings object (CSG00089)',1,'[{\"added\": {}}]',13,1),(633,'2020-09-09 05:23:33.191601','CSG00109','LoanSettings object (CSG00109)',1,'[{\"added\": {}}]',13,1),(634,'2020-09-09 05:23:36.586343','CSG00118','LoanSettings object (CSG00118)',1,'[{\"added\": {}}]',13,1),(635,'2020-09-09 05:24:33.223138','loanid','loanid',1,'[{\"added\": {}}]',9,1),(636,'2020-09-09 05:24:48.806008','paid','paid',1,'[{\"added\": {}}]',10,1),(637,'2020-09-09 05:24:56.015328','unpaid','unpaid',1,'[{\"added\": {}}]',10,1),(638,'2020-09-09 05:31:53.068648','CZG00125','CZG00125',3,'',8,1);
/*!40000 ALTER TABLE `django_admin_log` ENABLE KEYS */;
UNLOCK TABLES;

--
-- Table structure for table `django_content_type`
--

DROP TABLE IF EXISTS `django_content_type`;
/*!40101 SET @saved_cs_client     = @@character_set_client */;
/*!50503 SET character_set_client = utf8mb4 */;
CREATE TABLE `django_content_type` (
  `id` int NOT NULL AUTO_INCREMENT,
  `app_label` varchar(100) NOT NULL,
  `model` varchar(100) NOT NULL,
  PRIMARY KEY (`id`),
  UNIQUE KEY `django_content_type_app_label_model_76bd3d3b_uniq` (`app_label`,`model`)
) ENGINE=InnoDB AUTO_INCREMENT=17 DEFAULT CHARSET=utf8mb4 COLLATE=utf8mb4_0900_ai_ci;
/*!40101 SET character_set_client = @saved_cs_client */;

--
-- Dumping data for table `django_content_type`
--

LOCK TABLES `django_content_type` WRITE;
/*!40000 ALTER TABLE `django_content_type` DISABLE KEYS */;
INSERT INTO `django_content_type` VALUES (1,'admin','logentry'),(3,'auth','group'),(2,'auth','permission'),(4,'auth','user'),(5,'contenttypes','contenttype'),(7,'dashboard','chamamembers'),(8,'dashboard','chamas'),(9,'dashboard','fieldid'),(16,'dashboard','loans'),(13,'dashboard','loansettings'),(10,'dashboard','loanstatus'),(15,'dashboard','subscriptions'),(11,'dashboard','subscriptiontypes'),(14,'dashboard','transactions'),(12,'dashboard','transactiontypes'),(6,'sessions','session');
/*!40000 ALTER TABLE `django_content_type` ENABLE KEYS */;
UNLOCK TABLES;

--
-- Table structure for table `django_migrations`
--

DROP TABLE IF EXISTS `django_migrations`;
/*!40101 SET @saved_cs_client     = @@character_set_client */;
/*!50503 SET character_set_client = utf8mb4 */;
CREATE TABLE `django_migrations` (
  `id` int NOT NULL AUTO_INCREMENT,
  `app` varchar(255) NOT NULL,
  `name` varchar(255) NOT NULL,
  `applied` datetime(6) NOT NULL,
  PRIMARY KEY (`id`)
) ENGINE=InnoDB AUTO_INCREMENT=19 DEFAULT CHARSET=utf8mb4 COLLATE=utf8mb4_0900_ai_ci;
/*!40101 SET character_set_client = @saved_cs_client */;

--
-- Dumping data for table `django_migrations`
--

LOCK TABLES `django_migrations` WRITE;
/*!40000 ALTER TABLE `django_migrations` DISABLE KEYS */;
INSERT INTO `django_migrations` VALUES (1,'contenttypes','0001_initial','2020-09-09 04:44:56.842239'),(2,'auth','0001_initial','2020-09-09 04:44:59.303551'),(3,'admin','0001_initial','2020-09-09 04:45:07.467306'),(4,'admin','0002_logentry_remove_auto_add','2020-09-09 04:45:09.424972'),(5,'admin','0003_logentry_add_action_flag_choices','2020-09-09 04:45:09.509807'),(6,'contenttypes','0002_remove_content_type_name','2020-09-09 04:45:11.151178'),(7,'auth','0002_alter_permission_name_max_length','2020-09-09 04:45:12.122323'),(8,'auth','0003_alter_user_email_max_length','2020-09-09 04:45:12.310312'),(9,'auth','0004_alter_user_username_opts','2020-09-09 04:45:12.378788'),(10,'auth','0005_alter_user_last_login_null','2020-09-09 04:45:13.237012'),(11,'auth','0006_require_contenttypes_0002','2020-09-09 04:45:13.310557'),(12,'auth','0007_alter_validators_add_error_messages','2020-09-09 04:45:13.373009'),(13,'auth','0008_alter_user_username_max_length','2020-09-09 04:45:14.371633'),(14,'auth','0009_alter_user_last_name_max_length','2020-09-09 04:45:15.440409'),(15,'auth','0010_alter_group_name_max_length','2020-09-09 04:45:15.621538'),(16,'auth','0011_update_proxy_permissions','2020-09-09 04:45:15.709601'),(17,'dashboard','0001_initial','2020-09-09 04:45:21.813364'),(18,'sessions','0001_initial','2020-09-09 04:45:29.715298');
/*!40000 ALTER TABLE `django_migrations` ENABLE KEYS */;
UNLOCK TABLES;

--
-- Table structure for table `django_session`
--

DROP TABLE IF EXISTS `django_session`;
/*!40101 SET @saved_cs_client     = @@character_set_client */;
/*!50503 SET character_set_client = utf8mb4 */;
CREATE TABLE `django_session` (
  `session_key` varchar(40) NOT NULL,
  `session_data` longtext NOT NULL,
  `expire_date` datetime(6) NOT NULL,
  PRIMARY KEY (`session_key`),
  KEY `django_session_expire_date_a5c62663` (`expire_date`)
) ENGINE=InnoDB DEFAULT CHARSET=utf8mb4 COLLATE=utf8mb4_0900_ai_ci;
/*!40101 SET character_set_client = @saved_cs_client */;

--
-- Dumping data for table `django_session`
--

LOCK TABLES `django_session` WRITE;
/*!40000 ALTER TABLE `django_session` DISABLE KEYS */;
INSERT INTO `django_session` VALUES ('278hrljfpvdmv9ycmn5fvw8rtagkvuzy','YTExZmE0YWM0YzMwYjI4MjcxN2NmZDIxNWRiZWE3MDJkMDhjZWE3MTp7fQ==','2020-08-24 14:06:09.417673'),('2g8rhgvgbwwlenyxunaopzte97xcjg1f','MjM5NGY0YTNhMjBkNDIwYjgzZDdlN2NkNmM1MTAwODQwN2NlM2RlNjp7Il9hdXRoX3VzZXJfaWQiOiI0OSIsIl9hdXRoX3VzZXJfYmFja2VuZCI6ImRqYW5nby5jb250cmliLmF1dGguYmFja2VuZHMuTW9kZWxCYWNrZW5kIiwiX2F1dGhfdXNlcl9oYXNoIjoiZjgzNGJhMzU2MGY1ZjYzOWQ1M2U0N2VjM2I3NTE4MmM0MzljNmVhZiJ9','2020-09-09 17:24:56.504857'),('35jvx3nqr98bf2lp8al75j4tbhljf5sh','MjM5NGY0YTNhMjBkNDIwYjgzZDdlN2NkNmM1MTAwODQwN2NlM2RlNjp7Il9hdXRoX3VzZXJfaWQiOiI0OSIsIl9hdXRoX3VzZXJfYmFja2VuZCI6ImRqYW5nby5jb250cmliLmF1dGguYmFja2VuZHMuTW9kZWxCYWNrZW5kIiwiX2F1dGhfdXNlcl9oYXNoIjoiZjgzNGJhMzU2MGY1ZjYzOWQ1M2U0N2VjM2I3NTE4MmM0MzljNmVhZiJ9','2020-09-09 17:31:49.916122'),('3fjvslozmc5mcqgwbuhbxb2ug9621di9','MjM5NGY0YTNhMjBkNDIwYjgzZDdlN2NkNmM1MTAwODQwN2NlM2RlNjp7Il9hdXRoX3VzZXJfaWQiOiI0OSIsIl9hdXRoX3VzZXJfYmFja2VuZCI6ImRqYW5nby5jb250cmliLmF1dGguYmFja2VuZHMuTW9kZWxCYWNrZW5kIiwiX2F1dGhfdXNlcl9oYXNoIjoiZjgzNGJhMzU2MGY1ZjYzOWQ1M2U0N2VjM2I3NTE4MmM0MzljNmVhZiJ9','2020-09-19 03:44:30.646053'),('3mfl667e40x8porkp0euj68qc55ynogj','MmIwMDk0MjA3MGE3MmM3NzQ5YjFhNjUzNzA5YTFhMTE3Yjk4OTYyMTp7Il9hdXRoX3VzZXJfaWQiOiIxIiwiX2F1dGhfdXNlcl9iYWNrZW5kIjoiZGphbmdvLmNvbnRyaWIuYXV0aC5iYWNrZW5kcy5Nb2RlbEJhY2tlbmQiLCJfYXV0aF91c2VyX2hhc2giOiIwNzNjODFhYTNiNzA2ZjVhNTNiYzNkN2FhZGIyYjdlOTgzMmUxOTllIn0=','2020-09-15 03:28:29.017174'),('4555m761vj0v5ywdziiav3uywnl6juav','ZWQ4ZjQyNjY5MjVjNDNkNjY1Y2U0NjI0ZDAyYmUzMGMzZDAyNTYyYTp7Il9hdXRoX3VzZXJfaWQiOiI0NCIsIl9hdXRoX3VzZXJfYmFja2VuZCI6ImRqYW5nby5jb250cmliLmF1dGguYmFja2VuZHMuTW9kZWxCYWNrZW5kIiwiX2F1dGhfdXNlcl9oYXNoIjoiNTBhOGI3MTEwYWI5NGU0YmMzMjExZjdlZTNkODc1MmNmMGIyYWNlNCJ9','2020-08-30 07:52:02.545105'),('4h70dax75r9p5rrtqh45f5vym5nyanj6','MDA0OTFmZmY3MWQ3YjNjYmVlMDYxN2YyOWIzMmRkM2QxOGY3ZjkzMTp7Il9hdXRoX3VzZXJfaWQiOiI1NyIsIl9hdXRoX3VzZXJfYmFja2VuZCI6ImRqYW5nby5jb250cmliLmF1dGguYmFja2VuZHMuTW9kZWxCYWNrZW5kIiwiX2F1dGhfdXNlcl9oYXNoIjoiYzYxMGZjOTRiZjUxNmE0MjFjYWYwNmZlYTM2NTJlODA2NDU0ZDU5NCJ9','2020-09-12 12:17:29.077202'),('5x8ntvcqw1pgscewi3uqxnoc904oarp8','MjM5NGY0YTNhMjBkNDIwYjgzZDdlN2NkNmM1MTAwODQwN2NlM2RlNjp7Il9hdXRoX3VzZXJfaWQiOiI0OSIsIl9hdXRoX3VzZXJfYmFja2VuZCI6ImRqYW5nby5jb250cmliLmF1dGguYmFja2VuZHMuTW9kZWxCYWNrZW5kIiwiX2F1dGhfdXNlcl9oYXNoIjoiZjgzNGJhMzU2MGY1ZjYzOWQ1M2U0N2VjM2I3NTE4MmM0MzljNmVhZiJ9','2020-09-18 17:27:02.697785'),('9azht819csta4tba8yx5tqkt9hezivs8','Y2YzY2U5NmJkNzI5YzA2MjA5OWQwYTEzN2IyYThjNWE1NTY3NmRjZTp7Il9hdXRoX3VzZXJfaWQiOiIzNSIsIl9hdXRoX3VzZXJfYmFja2VuZCI6ImRqYW5nby5jb250cmliLmF1dGguYmFja2VuZHMuTW9kZWxCYWNrZW5kIiwiX2F1dGhfdXNlcl9oYXNoIjoiMjA0MmU0ZDJmOTdjNDM3NmE5MzU3OGZmZDc4MDE2N2FjYTA0MGIyOSJ9','2020-08-27 20:56:21.782458'),('9vbofdtop0agr0ayof6w2t79bgccdzzm','MmIwMDk0MjA3MGE3MmM3NzQ5YjFhNjUzNzA5YTFhMTE3Yjk4OTYyMTp7Il9hdXRoX3VzZXJfaWQiOiIxIiwiX2F1dGhfdXNlcl9iYWNrZW5kIjoiZGphbmdvLmNvbnRyaWIuYXV0aC5iYWNrZW5kcy5Nb2RlbEJhY2tlbmQiLCJfYXV0aF91c2VyX2hhc2giOiIwNzNjODFhYTNiNzA2ZjVhNTNiYzNkN2FhZGIyYjdlOTgzMmUxOTllIn0=','2020-09-01 19:59:46.828901'),('cubegbyjg9urv1nh6lnd4u8ytjca639r','MjM5NGY0YTNhMjBkNDIwYjgzZDdlN2NkNmM1MTAwODQwN2NlM2RlNjp7Il9hdXRoX3VzZXJfaWQiOiI0OSIsIl9hdXRoX3VzZXJfYmFja2VuZCI6ImRqYW5nby5jb250cmliLmF1dGguYmFja2VuZHMuTW9kZWxCYWNrZW5kIiwiX2F1dGhfdXNlcl9oYXNoIjoiZjgzNGJhMzU2MGY1ZjYzOWQ1M2U0N2VjM2I3NTE4MmM0MzljNmVhZiJ9','2020-09-05 12:20:48.031472'),('e6h8n3dlvvxlfs4r3b6tgn70xbma948a','NjM4NDU3YzZiN2NiZGMzZGY3OWY5M2RmM2Y5YjJmOWIxNzE1N2U0Zjp7Il9hdXRoX3VzZXJfaWQiOiI0NiIsIl9hdXRoX3VzZXJfYmFja2VuZCI6ImRqYW5nby5jb250cmliLmF1dGguYmFja2VuZHMuTW9kZWxCYWNrZW5kIiwiX2F1dGhfdXNlcl9oYXNoIjoiNjEzZjcxOGE2NzM2OGE5YzI5YzNjYjMxMDY5ODRkOTRjNmE2MmY2ZCJ9','2020-08-30 16:43:04.231352'),('fed8egqmhva9sqbqg8uz3n8jdc8gs9yf','MzRhNTUyNjcxMmU2ZmNiNmIyZDZmMGEyZmJlZDE4ZjJiZWRkYzEzMTp7Il9hdXRoX3VzZXJfaWQiOiI0MSIsIl9hdXRoX3VzZXJfYmFja2VuZCI6ImRqYW5nby5jb250cmliLmF1dGguYmFja2VuZHMuTW9kZWxCYWNrZW5kIiwiX2F1dGhfdXNlcl9oYXNoIjoiN2RmMWQ0NWQwNWE4MThjMDliYTQ0Yjc5ZmQ4Y2FhMzJkNDAwZjI5YyJ9','2020-09-02 11:23:50.568909'),('gpkqfhxalgztzzlpulj7u76vy2858fhj','MjVlMWMwZmYwZmJkMTA2ODdmZGJhNzQ2YmUyNjYwNjRkYjlhMTZmNTp7Il9hdXRoX3VzZXJfaWQiOiIyIiwiX2F1dGhfdXNlcl9iYWNrZW5kIjoiZGphbmdvLmNvbnRyaWIuYXV0aC5iYWNrZW5kcy5Nb2RlbEJhY2tlbmQiLCJfYXV0aF91c2VyX2hhc2giOiJmYWM5YjExYTI2OWI3NzFkZmZmM2JiODZlZTRhNGM0OWJjYTlmZjBiIn0=','2020-08-29 08:53:15.008272'),('gw6bpu3x1mp9muddx2s9qy0cwos4k2kz','MjM5NGY0YTNhMjBkNDIwYjgzZDdlN2NkNmM1MTAwODQwN2NlM2RlNjp7Il9hdXRoX3VzZXJfaWQiOiI0OSIsIl9hdXRoX3VzZXJfYmFja2VuZCI6ImRqYW5nby5jb250cmliLmF1dGguYmFja2VuZHMuTW9kZWxCYWNrZW5kIiwiX2F1dGhfdXNlcl9oYXNoIjoiZjgzNGJhMzU2MGY1ZjYzOWQ1M2U0N2VjM2I3NTE4MmM0MzljNmVhZiJ9','2020-09-16 19:32:42.212591'),('gyozi6r0wgapztaoq1l8mbncy4myr2h6','MzdiYmM3ZjgyNzkwNzM0ZGM5OTQ4MjFhN2I5ODdmYWJhOTMzNDFkMzp7Il9hdXRoX3VzZXJfaWQiOiIxNiIsIl9hdXRoX3VzZXJfYmFja2VuZCI6ImRqYW5nby5jb250cmliLmF1dGguYmFja2VuZHMuTW9kZWxCYWNrZW5kIiwiX2F1dGhfdXNlcl9oYXNoIjoiN2Q3NzgzY2ZlZjdiY2E5ZWQ0NWEyYTFhYzc5YWM4ZTM4ZmFkNjUxMSJ9','2020-08-24 12:32:29.298635'),('hangitldoqirg6c86zlw8otsjvtlpgu8','YTExZmE0YWM0YzMwYjI4MjcxN2NmZDIxNWRiZWE3MDJkMDhjZWE3MTp7fQ==','2020-09-16 03:23:50.136679'),('i2nfeomfsvd7w5xdyfbnnlto26hmbriv','MmIwMDk0MjA3MGE3MmM3NzQ5YjFhNjUzNzA5YTFhMTE3Yjk4OTYyMTp7Il9hdXRoX3VzZXJfaWQiOiIxIiwiX2F1dGhfdXNlcl9iYWNrZW5kIjoiZGphbmdvLmNvbnRyaWIuYXV0aC5iYWNrZW5kcy5Nb2RlbEJhY2tlbmQiLCJfYXV0aF91c2VyX2hhc2giOiIwNzNjODFhYTNiNzA2ZjVhNTNiYzNkN2FhZGIyYjdlOTgzMmUxOTllIn0=','2020-09-23 05:31:30.170324'),('iilfnxh2ylmylw89ozl0cnqf4cb849mf','Y2JmZTk2ZmU5NTVhY2UzOTJkNzI0MzcwN2VmMWY3ZDhjYjczYTUxODp7Il9hdXRoX3VzZXJfaWQiOiI1OCIsIl9hdXRoX3VzZXJfYmFja2VuZCI6ImRqYW5nby5jb250cmliLmF1dGguYmFja2VuZHMuTW9kZWxCYWNrZW5kIiwiX2F1dGhfdXNlcl9oYXNoIjoiNDIzNWE0Njg2MWExYzBkNjljNjJhZjBmZGQ0M2NkNjVmYTgwMzFiMyJ9','2020-09-12 12:24:11.985166'),('it3kdlqnlkz3rynvqxyqs4jqsqwwnmy0','ZjY0MjViYTc5NGIxMWJiZDBhZjg1OWFjMGRkMjI0ZjNhNmZiMmQyMDp7Il9hdXRoX3VzZXJfaWQiOiI5IiwiX2F1dGhfdXNlcl9iYWNrZW5kIjoiZGphbmdvLmNvbnRyaWIuYXV0aC5iYWNrZW5kcy5Nb2RlbEJhY2tlbmQiLCJfYXV0aF91c2VyX2hhc2giOiJiYTBmYjE5ZTZjODBhYjYwNDYxMGVlMzAzNjBkODVmOTNiMmQ3YzhmIn0=','2020-08-24 03:17:19.650161'),('izebipiwyhacj6ndo3gm257hi1lgti9w','MjM5NGY0YTNhMjBkNDIwYjgzZDdlN2NkNmM1MTAwODQwN2NlM2RlNjp7Il9hdXRoX3VzZXJfaWQiOiI0OSIsIl9hdXRoX3VzZXJfYmFja2VuZCI6ImRqYW5nby5jb250cmliLmF1dGguYmFja2VuZHMuTW9kZWxCYWNrZW5kIiwiX2F1dGhfdXNlcl9oYXNoIjoiZjgzNGJhMzU2MGY1ZjYzOWQ1M2U0N2VjM2I3NTE4MmM0MzljNmVhZiJ9','2020-09-07 16:59:03.656893'),('j193b4uoa6ku20g51fuy6os3uc3kg0lo','MjM5NGY0YTNhMjBkNDIwYjgzZDdlN2NkNmM1MTAwODQwN2NlM2RlNjp7Il9hdXRoX3VzZXJfaWQiOiI0OSIsIl9hdXRoX3VzZXJfYmFja2VuZCI6ImRqYW5nby5jb250cmliLmF1dGguYmFja2VuZHMuTW9kZWxCYWNrZW5kIiwiX2F1dGhfdXNlcl9oYXNoIjoiZjgzNGJhMzU2MGY1ZjYzOWQ1M2U0N2VjM2I3NTE4MmM0MzljNmVhZiJ9','2020-09-08 13:50:07.969266'),('krtwd5xw0pomscnyxprtzixz5zj6rtu3','MmIwMDk0MjA3MGE3MmM3NzQ5YjFhNjUzNzA5YTFhMTE3Yjk4OTYyMTp7Il9hdXRoX3VzZXJfaWQiOiIxIiwiX2F1dGhfdXNlcl9iYWNrZW5kIjoiZGphbmdvLmNvbnRyaWIuYXV0aC5iYWNrZW5kcy5Nb2RlbEJhY2tlbmQiLCJfYXV0aF91c2VyX2hhc2giOiIwNzNjODFhYTNiNzA2ZjVhNTNiYzNkN2FhZGIyYjdlOTgzMmUxOTllIn0=','2020-09-23 02:41:02.627891'),('kuoxthh8r7nhyz30f59dd69uxdps7w1k','NGMxOTc1M2M3ZGRiNzIwZmVmYjliNTQ5OWY2YmVmMjU2OTQ4NDI1Mjp7Il9hdXRoX3VzZXJfaWQiOiI1MSIsIl9hdXRoX3VzZXJfYmFja2VuZCI6ImRqYW5nby5jb250cmliLmF1dGguYmFja2VuZHMuTW9kZWxCYWNrZW5kIiwiX2F1dGhfdXNlcl9oYXNoIjoiODI0ZWM1MGQwMDQxYThlY2JkYjY4ZDg4YmE5YzdmMzVhY2U1NDJkZiJ9','2020-09-10 12:14:07.540769'),('kv2oaqbdmngoxa4xrsktgsz0gtssg3zq','MzRhNTUyNjcxMmU2ZmNiNmIyZDZmMGEyZmJlZDE4ZjJiZWRkYzEzMTp7Il9hdXRoX3VzZXJfaWQiOiI0MSIsIl9hdXRoX3VzZXJfYmFja2VuZCI6ImRqYW5nby5jb250cmliLmF1dGguYmFja2VuZHMuTW9kZWxCYWNrZW5kIiwiX2F1dGhfdXNlcl9oYXNoIjoiN2RmMWQ0NWQwNWE4MThjMDliYTQ0Yjc5ZmQ4Y2FhMzJkNDAwZjI5YyJ9','2020-09-02 11:23:50.178075'),('l1dchj22hw5rjgnhjqdci3fopwj76jp7','ZWRlMmYxYTJkZTY4Mzg2MTQ3MGNhNWQ5ODY0OWQzNzRjZjAyM2ZkNzp7Il9hdXRoX3VzZXJfaWQiOiI0NSIsIl9hdXRoX3VzZXJfYmFja2VuZCI6ImRqYW5nby5jb250cmliLmF1dGguYmFja2VuZHMuTW9kZWxCYWNrZW5kIiwiX2F1dGhfdXNlcl9oYXNoIjoiMTQ4NjExZDYwM2M4YWI3ZWFmMTE4NDI0MDhiY2JkZTUyZmY3MDk0NSJ9','2020-08-30 10:58:43.804506'),('ltvzhkvz0pdjw18xzijg0253v45vlidx','YTJiZWIwN2NiZDk5NThkNzNmY2U0NDU4ZGY5YmZlMmU5YmVkNTIxNjp7Il9hdXRoX3VzZXJfaWQiOiI2NSIsIl9hdXRoX3VzZXJfYmFja2VuZCI6ImRqYW5nby5jb250cmliLmF1dGguYmFja2VuZHMuTW9kZWxCYWNrZW5kIiwiX2F1dGhfdXNlcl9oYXNoIjoiNmNiNDVhYjk1YWFmYTRiNWEyNWZkMzdjZTIyMjExNTU5YTdjZTdmZSJ9','2020-09-12 11:51:42.069187'),('mzfa6dpnojwdzh8d8ukqm9255c9dsc3s','MjM5NGY0YTNhMjBkNDIwYjgzZDdlN2NkNmM1MTAwODQwN2NlM2RlNjp7Il9hdXRoX3VzZXJfaWQiOiI0OSIsIl9hdXRoX3VzZXJfYmFja2VuZCI6ImRqYW5nby5jb250cmliLmF1dGguYmFja2VuZHMuTW9kZWxCYWNrZW5kIiwiX2F1dGhfdXNlcl9oYXNoIjoiZjgzNGJhMzU2MGY1ZjYzOWQ1M2U0N2VjM2I3NTE4MmM0MzljNmVhZiJ9','2020-09-13 09:38:21.914242'),('ntrwztt92z4itoz3yv1d5bdhzxdiqaaz','NTM0M2IwNGRhNWExZjU1NWJiYmVmMTJjZDdiZjgxMjJlYzJkZjJlZTp7Il9hdXRoX3VzZXJfaWQiOiI2OCIsIl9hdXRoX3VzZXJfYmFja2VuZCI6ImRqYW5nby5jb250cmliLmF1dGguYmFja2VuZHMuTW9kZWxCYWNrZW5kIiwiX2F1dGhfdXNlcl9oYXNoIjoiNTFhY2VhYTFhMTIwNzk3MmNhYjE2MjQwNWQ4NDg3ZDBlM2E2NTUxYiJ9','2020-09-09 19:51:40.799445'),('stqpkoa4icy1uyce46li9bikggx75eih','MjY0ZmZjYWVmNTA3MjJlYzM1YTQ5NGI2OTkzNTVlNjY0MjA2YjJmNDp7Il9hdXRoX3VzZXJfaWQiOiI2NCIsIl9hdXRoX3VzZXJfYmFja2VuZCI6ImRqYW5nby5jb250cmliLmF1dGguYmFja2VuZHMuTW9kZWxCYWNrZW5kIiwiX2F1dGhfdXNlcl9oYXNoIjoiYTE3NGNjNTMwYWNiNzYxZTJiNjA3M2YzNzMyZWZhOGUwOWZlZjMxMiJ9','2020-09-09 20:45:10.134114'),('trozci6wld2zuawva7d1tliwhscko7hk','MmIwMDk0MjA3MGE3MmM3NzQ5YjFhNjUzNzA5YTFhMTE3Yjk4OTYyMTp7Il9hdXRoX3VzZXJfaWQiOiIxIiwiX2F1dGhfdXNlcl9iYWNrZW5kIjoiZGphbmdvLmNvbnRyaWIuYXV0aC5iYWNrZW5kcy5Nb2RlbEJhY2tlbmQiLCJfYXV0aF91c2VyX2hhc2giOiIwNzNjODFhYTNiNzA2ZjVhNTNiYzNkN2FhZGIyYjdlOTgzMmUxOTllIn0=','2020-09-05 19:53:45.704384'),('tvx89h9vv695pkthjwywla4p3ujnackb','YjY0MDdlNmE0YzVjODFjNzQxNzY2NGFjZmFjMWUxMzcwMjFjOTk3OTp7Il9hdXRoX3VzZXJfaWQiOiIxMCIsIl9hdXRoX3VzZXJfYmFja2VuZCI6ImRqYW5nby5jb250cmliLmF1dGguYmFja2VuZHMuTW9kZWxCYWNrZW5kIiwiX2F1dGhfdXNlcl9oYXNoIjoiNjdkYTQ3N2U0YmE4NmZlZWJmOTg0N2E4N2I3ZjA4YjQzMjgyMTgyZCJ9','2020-08-24 09:49:00.664978'),('v44qgd8ftj539n1uhibrwe1oulm5y1pq','ZDI0ODBkYjhjZGFiNTcxODQxNDczNWIxNjg3OWUzNDcyN2QzYzhkZjp7Il9hdXRoX3VzZXJfaWQiOiI3NiIsIl9hdXRoX3VzZXJfYmFja2VuZCI6ImRqYW5nby5jb250cmliLmF1dGguYmFja2VuZHMuTW9kZWxCYWNrZW5kIiwiX2F1dGhfdXNlcl9oYXNoIjoiOWQ5MTNhODZjOGQ3NjZlNmE4ZTRiNTQwZjYyZTIyZWY2OGZlMDZmNCJ9','2020-09-15 03:26:44.575138'),('vjfp88j1hujv5z2n83k9i38xqssutfvt','NTQwMGNiM2QxOTJhYWYxOWQ2ZGExNWI2NWY5ODg5Y2RiYzg5ZjQzMzp7Il9hdXRoX3VzZXJfaWQiOiI1NCIsIl9hdXRoX3VzZXJfYmFja2VuZCI6ImRqYW5nby5jb250cmliLmF1dGguYmFja2VuZHMuTW9kZWxCYWNrZW5kIiwiX2F1dGhfdXNlcl9oYXNoIjoiNmI5NGY5OTNhNDllN2QxOWZiOGYzYjI3YTE1Y2MwNTQ0OTk2OGVhZiJ9','2020-09-09 19:43:23.380561'),('x76jyyp19hgm2qo0qcd5zhswfe8vd9e6','MjUyMmJiNjIzNTAxMjJjYWEwNjQ4MzY5YmY5Nzk4YWQ2MmI3M2M3Nzp7Il9hdXRoX3VzZXJfaWQiOiI3OSIsIl9hdXRoX3VzZXJfYmFja2VuZCI6ImRqYW5nby5jb250cmliLmF1dGguYmFja2VuZHMuTW9kZWxCYWNrZW5kIiwiX2F1dGhfdXNlcl9oYXNoIjoiOWQ3ZThiZTk2YTA5OTBhMzU3NTg2N2E3NTJlNjk1MGRhYzA5ZjdhNyJ9','2020-09-21 10:21:21.678084'),('ycqnaaj9cv17u8m0pnq9xb74kbzno6fh','MGNjOWRjM2E5YWFmM2M0NzI5ZTAxNmM5OTBjZTA3ZTA1NjQ5Njc5Yjp7Il9hdXRoX3VzZXJfaWQiOiI2MSIsIl9hdXRoX3VzZXJfYmFja2VuZCI6ImRqYW5nby5jb250cmliLmF1dGguYmFja2VuZHMuTW9kZWxCYWNrZW5kIiwiX2F1dGhfdXNlcl9oYXNoIjoiY2Q5MGJlMDk2Y2FmMzc0YTVjMGQ3YTE4N2RhYzAyM2NiYjM4MGIzOCJ9','2020-09-09 20:30:37.496370'),('zb0nedebvkv1et0q6fppjvx98dvpxv0z','ZTZhMzI2Njg0Y2ZiMDUyZWM0ZWFkNjBjZmIzZGY4ZDk3MTQ5N2Q3Mjp7Il9hdXRoX3VzZXJfaWQiOiI2MCIsIl9hdXRoX3VzZXJfYmFja2VuZCI6ImRqYW5nby5jb250cmliLmF1dGguYmFja2VuZHMuTW9kZWxCYWNrZW5kIiwiX2F1dGhfdXNlcl9oYXNoIjoiZmU5MGIwNDAyZTBjMjJhNGZkMTBhZGM0ZmMyYzM3ZjM5YzcyMWE1ZCJ9','2020-09-10 06:15:50.527255');
/*!40000 ALTER TABLE `django_session` ENABLE KEYS */;
UNLOCK TABLES;
/*!40103 SET TIME_ZONE=@OLD_TIME_ZONE */;

/*!40101 SET SQL_MODE=@OLD_SQL_MODE */;
/*!40014 SET FOREIGN_KEY_CHECKS=@OLD_FOREIGN_KEY_CHECKS */;
/*!40014 SET UNIQUE_CHECKS=@OLD_UNIQUE_CHECKS */;
/*!40101 SET CHARACTER_SET_CLIENT=@OLD_CHARACTER_SET_CLIENT */;
/*!40101 SET CHARACTER_SET_RESULTS=@OLD_CHARACTER_SET_RESULTS */;
/*!40101 SET COLLATION_CONNECTION=@OLD_COLLATION_CONNECTION */;
/*!40111 SET SQL_NOTES=@OLD_SQL_NOTES */;

-- Dump completed on 2020-09-09  8:34:34
